Dòng 1: Thiếu title
Dòng 2: Thiếu title
Dòng 3: Thiếu title
Dòng 4: Thiếu title
Dòng 5: Thiếu title
Dòng 6: Thiếu title
Dòng 7: Thiếu title
Dòng 8: Thiếu title
Dòng 9: Thiếu title
Dòng 10: Thiếu title
Dòng 11: Thiếu title
Dòng 12: Thiếu title
Dòng 13: Thiếu title
Dòng 14: Thiếu title
Dòng 15: Thiếu title
Dòng 16: Thiếu title
Dòng 17: Thiếu title
Dòng 18: Thiếu title
Dòng 19: Thiếu title
Dòng 20: Thiếu title
Dòng 21: Duration phải là số nguyên
Dòng 22: Duration phải là số nguyên
Dòng 23: Duration phải là số nguyên
Dòng 24: Duration phải là số nguyên
Dòng 25: Duration phải là số nguyên
Dòng 26: Duration phải là số nguyên
Dòng 27: Duration phải là số nguyên
Dòng 28: Duration phải là số nguyên
Dòng 29: Duration phải là số nguyên
Dòng 30: Duration phải là số nguyên
Dòng 31: Duration phải là số nguyên
Dòng 32: Duration phải là số nguyên
Dòng 33: Duration phải là số nguyên
Dòng 34: Duration phải là số nguyên
Dòng 35: Duration phải là số nguyên
Dòng 36: Duration phải là số nguyên
Dòng 37: Duration phải là số nguyên
Dòng 38: Duration phải là số nguyên
Dòng 39: Duration phải là số nguyên
Dòng 40: Duration phải là số nguyên
Dòng 41: Duration phải lớn hơn hoặc bằng 1
Dòng 42: Duration phải lớn hơn hoặc bằng 1
Dòng 43: Duration phải lớn hơn hoặc bằng 1
Dòng 44: Duration phải lớn hơn hoặc bằng 1
Dòng 45: Duration phải lớn hơn hoặc bằng 1
Dòng 46: Duration phải lớn hơn hoặc bằng 1
Dòng 47: Duration phải lớn hơn hoặc bằng 1
Dòng 48: Duration phải lớn hơn hoặc bằng 1
Dòng 49: Duration phải lớn hơn hoặc bằng 1
Dòng 50: Duration phải lớn hơn hoặc bằng 1
Dòng 51: Slug bị trùng trong file CSV
Dòng 52: Slug bị trùng trong file CSV
Dòng 53: Slug bị trùng trong file CSV
Dòng 54: Slug bị trùng trong file CSV
Dòng 55: Slug bị trùng trong file CSV
Dòng 56: Slug bị trùng trong file CSV
Dòng 57: Slug bị trùng trong file CSV
Dòng 58: Slug bị trùng trong file CSV
Dòng 59: Slug bị trùng trong file CSV
Dòng 60: Slug bị trùng trong file CSV
Dòng 61: Slug bị trùng trong file CSV
Dòng 62: Slug bị trùng trong file CSV
Dòng 63: Slug bị trùng trong file CSV
Dòng 64: Slug bị trùng trong file CSV
Dòng 65: Slug bị trùng trong file CSV
Dòng 66: Slug bị trùng trong file CSV
Dòng 67: Slug bị trùng trong file CSV
Dòng 68: Slug bị trùng trong file CSV
Dòng 69: Slug bị trùng trong file CSV
Dòng 70: Slug bị trùng trong file CSV
Dòng 71: Slug bị trùng trong file CSV
Dòng 72: Slug bị trùng trong file CSV
Dòng 73: Slug bị trùng trong file CSV
Dòng 74: Slug bị trùng trong file CSV
Dòng 75: Slug bị trùng trong file CSV
Dòng 76: Slug bị trùng trong file CSV
Dòng 77: Slug bị trùng trong file CSV
Dòng 78: Slug bị trùng trong file CSV
Dòng 79: Slug bị trùng trong file CSV
Dòng 80: Slug bị trùng trong file CSV
Dòng 81: Slug bị trùng trong file CSV
Dòng 82: Slug bị trùng trong file CSV
Dòng 83: Slug bị trùng trong file CSV
Dòng 84: Slug bị trùng trong file CSV
Dòng 85: Slug bị trùng trong file CSV
Dòng 86: Slug bị trùng trong file CSV
Dòng 87: Slug bị trùng trong file CSV
Dòng 88: Slug bị trùng trong file CSV
Dòng 89: Slug bị trùng trong file CSV
Dòng 90: Slug bị trùng trong file CSV
Dòng 91: Slug bị trùng trong file CSV
Dòng 92: Slug bị trùng trong file CSV
Dòng 93: Slug bị trùng trong file CSV
Dòng 94: Slug bị trùng trong file CSV
Dòng 95: Slug bị trùng trong file CSV
Dòng 96: Slug bị trùng trong file CSV
Dòng 97: Slug bị trùng trong file CSV
Dòng 98: Slug bị trùng trong file CSV
Dòng 99: Slug bị trùng trong file CSV
Dòng 100: Slug bị trùng trong file CSV
Dòng 101: Slug đã tồn tại trong database
Dòng 102: Slug đã tồn tại trong database
Dòng 103: Slug đã tồn tại trong database
Dòng 104: Slug đã tồn tại trong database
Dòng 105: Slug đã tồn tại trong database
Dòng 106: Slug đã tồn tại trong database
Dòng 107: Slug đã tồn tại trong database
Dòng 108: Slug đã tồn tại trong database
Dòng 109: Slug đã tồn tại trong database
Dòng 110: Slug đã tồn tại trong database
Dòng 111: Slug đã tồn tại trong database
Dòng 112: Slug đã tồn tại trong database
Dòng 113: Slug đã tồn tại trong database
Dòng 114: Slug đã tồn tại trong database
Dòng 115: Slug đã tồn tại trong database
Dòng 116: Slug đã tồn tại trong database
Dòng 117: Slug đã tồn tại trong database
Dòng 118: Slug đã tồn tại trong database
Dòng 119: Slug đã tồn tại trong database
Dòng 120: Slug đã tồn tại trong database
Dòng 121: Slug đã tồn tại trong database
Dòng 122: Slug đã tồn tại trong database
Dòng 123: Slug đã tồn tại trong database
Dòng 124: Slug đã tồn tại trong database
Dòng 125: Slug đã tồn tại trong database
Dòng 126: Slug đã tồn tại trong database
Dòng 127: Slug đã tồn tại trong database
Dòng 128: Slug đã tồn tại trong database
Dòng 129: Slug đã tồn tại trong database
Dòng 130: Slug đã tồn tại trong database
Dòng 131: Slug đã tồn tại trong database
Dòng 132: Slug đã tồn tại trong database
Dòng 133: Slug đã tồn tại trong database
Dòng 134: Slug đã tồn tại trong database
Dòng 135: Slug đã tồn tại trong database
Dòng 136: Slug đã tồn tại trong database
Dòng 137: Slug đã tồn tại trong database
Dòng 138: Slug đã tồn tại trong database
Dòng 139: Slug đã tồn tại trong database
Dòng 140: Slug đã tồn tại trong database
Dòng 141: Slug đã tồn tại trong database
Dòng 142: Slug đã tồn tại trong database
Dòng 143: Slug đã tồn tại trong database
Dòng 144: Slug đã tồn tại trong database
Dòng 145: Slug đã tồn tại trong database
Dòng 146: Slug đã tồn tại trong database
Dòng 147: Slug đã tồn tại trong database
Dòng 148: Slug đã tồn tại trong database
Dòng 149: Slug đã tồn tại trong database
Dòng 150: Slug đã tồn tại trong database
Dòng 151: Slug đã tồn tại trong database
Dòng 152: Slug đã tồn tại trong database
Dòng 153: Slug đã tồn tại trong database
Dòng 154: Slug đã tồn tại trong database
Dòng 155: Slug đã tồn tại trong database
Dòng 156: Slug đã tồn tại trong database
Dòng 157: Slug đã tồn tại trong database
Dòng 158: Slug đã tồn tại trong database
Dòng 159: Slug đã tồn tại trong database
Dòng 160: Slug đã tồn tại trong database
Dòng 161: Slug đã tồn tại trong database
Dòng 162: Slug đã tồn tại trong database
Dòng 163: Slug đã tồn tại trong database
Dòng 164: Slug đã tồn tại trong database
Dòng 165: Slug đã tồn tại trong database
Dòng 166: Slug đã tồn tại trong database
Dòng 167: Slug đã tồn tại trong database
Dòng 168: Slug đã tồn tại trong database
Dòng 169: Slug đã tồn tại trong database
Dòng 170: Slug đã tồn tại trong database
Dòng 171: Slug đã tồn tại trong database
Dòng 172: Slug đã tồn tại trong database
Dòng 173: Slug đã tồn tại trong database
Dòng 174: Slug đã tồn tại trong database
Dòng 175: Slug đã tồn tại trong database
Dòng 176: Slug đã tồn tại trong database
Dòng 177: Slug đã tồn tại trong database
Dòng 178: Slug đã tồn tại trong database
Dòng 179: Slug đã tồn tại trong database
Dòng 180: Slug đã tồn tại trong database
Dòng 181: Slug đã tồn tại trong database
Dòng 182: Slug đã tồn tại trong database
Dòng 183: Slug đã tồn tại trong database
Dòng 184: Slug đã tồn tại trong database
Dòng 185: Slug đã tồn tại trong database
Dòng 186: Slug đã tồn tại trong database
Dòng 187: Slug đã tồn tại trong database
Dòng 188: Slug đã tồn tại trong database
Dòng 189: Slug đã tồn tại trong database
Dòng 190: Slug đã tồn tại trong database
Dòng 191: Slug đã tồn tại trong database
Dòng 192: Slug đã tồn tại trong database
Dòng 193: Slug đã tồn tại trong database
Dòng 194: Slug đã tồn tại trong database
Dòng 195: Slug đã tồn tại trong database
Dòng 196: Slug đã tồn tại trong database
Dòng 197: Slug đã tồn tại trong database
Dòng 198: Slug đã tồn tại trong database
Dòng 199: Slug đã tồn tại trong database
Dòng 200: Slug đã tồn tại trong database
Dòng 201: Slug đã tồn tại trong database
Dòng 202: Slug đã tồn tại trong database
Dòng 203: Slug đã tồn tại trong database
Dòng 204: Slug đã tồn tại trong database
Dòng 205: Slug đã tồn tại trong database
Dòng 206: Slug đã tồn tại trong database
Dòng 207: Slug đã tồn tại trong database
Dòng 208: Slug đã tồn tại trong database
Dòng 209: Slug đã tồn tại trong database
Dòng 210: Slug đã tồn tại trong database
Dòng 211: Slug đã tồn tại trong database
Dòng 212: Slug đã tồn tại trong database
Dòng 213: Slug đã tồn tại trong database
Dòng 214: Slug đã tồn tại trong database
Dòng 215: Slug đã tồn tại trong database
Dòng 216: Slug đã tồn tại trong database
Dòng 217: Slug đã tồn tại trong database
Dòng 218: Slug đã tồn tại trong database
Dòng 219: Slug đã tồn tại trong database
Dòng 220: Slug đã tồn tại trong database
Dòng 221: Slug đã tồn tại trong database
Dòng 222: Slug đã tồn tại trong database
Dòng 223: Slug đã tồn tại trong database
Dòng 224: Slug đã tồn tại trong database
Dòng 225: Slug đã tồn tại trong database
Dòng 226: Slug đã tồn tại trong database
Dòng 227: Slug đã tồn tại trong database
Dòng 228: Slug đã tồn tại trong database
Dòng 229: Slug đã tồn tại trong database
Dòng 230: Slug đã tồn tại trong database
Dòng 231: Slug đã tồn tại trong database
Dòng 232: Slug đã tồn tại trong database
Dòng 233: Slug đã tồn tại trong database
Dòng 234: Slug đã tồn tại trong database
Dòng 235: Slug đã tồn tại trong database
Dòng 236: Slug đã tồn tại trong database
Dòng 237: Slug đã tồn tại trong database
Dòng 238: Slug đã tồn tại trong database
Dòng 239: Slug đã tồn tại trong database
Dòng 240: Slug đã tồn tại trong database
Dòng 241: Slug đã tồn tại trong database
Dòng 242: Slug đã tồn tại trong database
Dòng 243: Slug đã tồn tại trong database
Dòng 244: Slug đã tồn tại trong database
Dòng 245: Slug đã tồn tại trong database
Dòng 246: Slug đã tồn tại trong database
Dòng 247: Slug đã tồn tại trong database
Dòng 248: Slug đã tồn tại trong database
Dòng 249: Slug đã tồn tại trong database
Dòng 250: Slug đã tồn tại trong database
Dòng 251: Slug đã tồn tại trong database
Dòng 252: Slug đã tồn tại trong database
Dòng 253: Slug đã tồn tại trong database
Dòng 254: Slug đã tồn tại trong database
Dòng 255: Slug đã tồn tại trong database
Dòng 256: Slug đã tồn tại trong database
Dòng 257: Slug đã tồn tại trong database
Dòng 258: Slug đã tồn tại trong database
Dòng 259: Slug đã tồn tại trong database
Dòng 260: Slug đã tồn tại trong database
Dòng 261: Slug đã tồn tại trong database
Dòng 262: Slug đã tồn tại trong database
Dòng 263: Slug đã tồn tại trong database
Dòng 264: Slug đã tồn tại trong database
Dòng 265: Slug đã tồn tại trong database
Dòng 266: Slug đã tồn tại trong database
Dòng 267: Slug đã tồn tại trong database
Dòng 268: Slug đã tồn tại trong database
Dòng 269: Slug đã tồn tại trong database
Dòng 270: Slug đã tồn tại trong database
Dòng 271: Slug đã tồn tại trong database
Dòng 272: Slug đã tồn tại trong database
Dòng 273: Slug đã tồn tại trong database
Dòng 274: Slug đã tồn tại trong database
Dòng 275: Slug đã tồn tại trong database
Dòng 276: Slug đã tồn tại trong database
Dòng 277: Slug đã tồn tại trong database
Dòng 278: Slug đã tồn tại trong database
Dòng 279: Slug đã tồn tại trong database
Dòng 280: Slug đã tồn tại trong database
Dòng 281: Slug đã tồn tại trong database
Dòng 282: Slug đã tồn tại trong database
Dòng 283: Slug đã tồn tại trong database
Dòng 284: Slug đã tồn tại trong database
Dòng 285: Slug đã tồn tại trong database
Dòng 286: Slug đã tồn tại trong database
Dòng 287: Slug đã tồn tại trong database
Dòng 288: Slug đã tồn tại trong database
Dòng 289: Slug đã tồn tại trong database
Dòng 290: Slug đã tồn tại trong database
Dòng 291: Slug đã tồn tại trong database
Dòng 292: Slug đã tồn tại trong database
Dòng 293: Slug đã tồn tại trong database
Dòng 294: Slug đã tồn tại trong database
Dòng 295: Slug đã tồn tại trong database
Dòng 296: Slug đã tồn tại trong database
Dòng 297: Slug đã tồn tại trong database
Dòng 298: Slug đã tồn tại trong database
Dòng 299: Slug đã tồn tại trong database
Dòng 300: Slug đã tồn tại trong database
Dòng 301: Slug đã tồn tại trong database
Dòng 302: Slug đã tồn tại trong database
Dòng 303: Slug đã tồn tại trong database
Dòng 304: Slug đã tồn tại trong database
Dòng 305: Slug đã tồn tại trong database
Dòng 306: Slug đã tồn tại trong database
Dòng 307: Slug đã tồn tại trong database
Dòng 308: Slug đã tồn tại trong database
Dòng 309: Slug đã tồn tại trong database
Dòng 310: Slug đã tồn tại trong database
Dòng 311: Slug đã tồn tại trong database
Dòng 312: Slug đã tồn tại trong database
Dòng 313: Slug đã tồn tại trong database
Dòng 314: Slug đã tồn tại trong database
Dòng 315: Slug đã tồn tại trong database
Dòng 316: Slug đã tồn tại trong database
Dòng 317: Slug đã tồn tại trong database
Dòng 318: Slug đã tồn tại trong database
Dòng 319: Slug đã tồn tại trong database
Dòng 320: Slug đã tồn tại trong database
Dòng 321: Slug đã tồn tại trong database
Dòng 322: Slug đã tồn tại trong database
Dòng 323: Slug đã tồn tại trong database
Dòng 324: Slug đã tồn tại trong database
Dòng 325: Slug đã tồn tại trong database
Dòng 326: Slug đã tồn tại trong database
Dòng 327: Slug đã tồn tại trong database
Dòng 328: Slug đã tồn tại trong database
Dòng 329: Slug đã tồn tại trong database
Dòng 330: Slug đã tồn tại trong database
Dòng 331: Slug đã tồn tại trong database
Dòng 332: Slug đã tồn tại trong database
Dòng 333: Slug đã tồn tại trong database
Dòng 334: Slug đã tồn tại trong database
Dòng 335: Slug đã tồn tại trong database
Dòng 336: Slug đã tồn tại trong database
Dòng 337: Slug đã tồn tại trong database
Dòng 338: Slug đã tồn tại trong database
Dòng 339: Slug đã tồn tại trong database
Dòng 340: Slug đã tồn tại trong database
Dòng 341: Slug đã tồn tại trong database
Dòng 342: Slug đã tồn tại trong database
Dòng 343: Slug đã tồn tại trong database
Dòng 344: Slug đã tồn tại trong database
Dòng 345: Slug đã tồn tại trong database
Dòng 346: Slug đã tồn tại trong database
Dòng 347: Slug đã tồn tại trong database
Dòng 348: Slug đã tồn tại trong database
Dòng 349: Slug đã tồn tại trong database
Dòng 350: Slug đã tồn tại trong database
Dòng 351: Slug đã tồn tại trong database
Dòng 352: Slug đã tồn tại trong database
Dòng 353: Slug đã tồn tại trong database
Dòng 354: Slug đã tồn tại trong database
Dòng 355: Slug đã tồn tại trong database
Dòng 356: Slug đã tồn tại trong database
Dòng 357: Slug đã tồn tại trong database
Dòng 358: Slug đã tồn tại trong database
Dòng 359: Slug đã tồn tại trong database
Dòng 360: Slug đã tồn tại trong database
Dòng 361: Slug đã tồn tại trong database
Dòng 362: Slug đã tồn tại trong database
Dòng 363: Slug đã tồn tại trong database
Dòng 364: Slug đã tồn tại trong database
Dòng 365: Slug đã tồn tại trong database
Dòng 366: Slug đã tồn tại trong database
Dòng 367: Slug đã tồn tại trong database
Dòng 368: Slug đã tồn tại trong database
Dòng 369: Slug đã tồn tại trong database
Dòng 370: Slug đã tồn tại trong database
Dòng 371: Slug đã tồn tại trong database
Dòng 372: Slug đã tồn tại trong database
Dòng 373: Slug đã tồn tại trong database
Dòng 374: Slug đã tồn tại trong database
Dòng 375: Slug đã tồn tại trong database
Dòng 376: Slug đã tồn tại trong database
Dòng 377: Slug đã tồn tại trong database
Dòng 378: Slug đã tồn tại trong database
Dòng 379: Slug đã tồn tại trong database
Dòng 380: Slug đã tồn tại trong database
Dòng 381: Slug đã tồn tại trong database
Dòng 382: Slug đã tồn tại trong database
Dòng 383: Slug đã tồn tại trong database
Dòng 384: Slug đã tồn tại trong database
Dòng 385: Slug đã tồn tại trong database
Dòng 386: Slug đã tồn tại trong database
Dòng 387: Slug đã tồn tại trong database
Dòng 388: Slug đã tồn tại trong database
Dòng 389: Slug đã tồn tại trong database
Dòng 390: Slug đã tồn tại trong database
Dòng 391: Slug đã tồn tại trong database
Dòng 392: Slug đã tồn tại trong database
Dòng 393: Slug đã tồn tại trong database
Dòng 394: Slug đã tồn tại trong database
Dòng 395: Slug đã tồn tại trong database
Dòng 396: Slug đã tồn tại trong database
Dòng 397: Slug đã tồn tại trong database
Dòng 398: Slug đã tồn tại trong database
Dòng 399: Slug đã tồn tại trong database
Dòng 400: Slug đã tồn tại trong database
Dòng 401: Slug đã tồn tại trong database
Dòng 402: Slug đã tồn tại trong database
Dòng 403: Slug đã tồn tại trong database
Dòng 404: Slug đã tồn tại trong database
Dòng 405: Slug đã tồn tại trong database
Dòng 406: Slug đã tồn tại trong database
Dòng 407: Slug đã tồn tại trong database
Dòng 408: Slug đã tồn tại trong database
Dòng 409: Slug đã tồn tại trong database
Dòng 410: Slug đã tồn tại trong database
Dòng 411: Slug đã tồn tại trong database
Dòng 412: Slug đã tồn tại trong database
Dòng 413: Slug đã tồn tại trong database
Dòng 414: Slug đã tồn tại trong database
Dòng 415: Slug đã tồn tại trong database
Dòng 416: Slug đã tồn tại trong database
Dòng 417: Slug đã tồn tại trong database
Dòng 418: Slug đã tồn tại trong database
Dòng 419: Slug đã tồn tại trong database
Dòng 420: Slug đã tồn tại trong database
Dòng 421: Slug đã tồn tại trong database
Dòng 422: Slug đã tồn tại trong database
Dòng 423: Slug đã tồn tại trong database
Dòng 424: Slug đã tồn tại trong database
Dòng 425: Slug đã tồn tại trong database
Dòng 426: Slug đã tồn tại trong database
Dòng 427: Slug đã tồn tại trong database
Dòng 428: Slug đã tồn tại trong database
Dòng 429: Slug đã tồn tại trong database
Dòng 430: Slug đã tồn tại trong database
Dòng 431: Slug đã tồn tại trong database
Dòng 432: Slug đã tồn tại trong database
Dòng 433: Slug đã tồn tại trong database
Dòng 434: Slug đã tồn tại trong database
Dòng 435: Slug đã tồn tại trong database
Dòng 436: Slug đã tồn tại trong database
Dòng 437: Slug đã tồn tại trong database
Dòng 438: Slug đã tồn tại trong database
Dòng 439: Slug đã tồn tại trong database
Dòng 440: Slug đã tồn tại trong database
Dòng 441: Slug đã tồn tại trong database
Dòng 442: Slug đã tồn tại trong database
Dòng 443: Slug đã tồn tại trong database
Dòng 444: Slug đã tồn tại trong database
Dòng 445: Slug đã tồn tại trong database
Dòng 446: Slug đã tồn tại trong database
Dòng 447: Slug đã tồn tại trong database
Dòng 448: Slug đã tồn tại trong database
Dòng 449: Slug đã tồn tại trong database
Dòng 450: Slug đã tồn tại trong database
Dòng 451: Slug đã tồn tại trong database
Dòng 452: Slug đã tồn tại trong database
Dòng 453: Slug đã tồn tại trong database
Dòng 454: Slug đã tồn tại trong database
Dòng 455: Slug đã tồn tại trong database
Dòng 456: Slug đã tồn tại trong database
Dòng 457: Slug đã tồn tại trong database
Dòng 458: Slug đã tồn tại trong database
Dòng 459: Slug đã tồn tại trong database
Dòng 460: Slug đã tồn tại trong database
Dòng 461: Slug đã tồn tại trong database
Dòng 462: Slug đã tồn tại trong database
Dòng 463: Slug đã tồn tại trong database
Dòng 464: Slug đã tồn tại trong database
Dòng 465: Slug đã tồn tại trong database
Dòng 466: Slug đã tồn tại trong database
Dòng 467: Slug đã tồn tại trong database
Dòng 468: Slug đã tồn tại trong database
Dòng 469: Slug đã tồn tại trong database
Dòng 470: Slug đã tồn tại trong database
Dòng 471: Slug đã tồn tại trong database
Dòng 472: Slug đã tồn tại trong database
Dòng 473: Slug đã tồn tại trong database
Dòng 474: Slug đã tồn tại trong database
Dòng 475: Slug đã tồn tại trong database
Dòng 476: Slug đã tồn tại trong database
Dòng 477: Slug đã tồn tại trong database
Dòng 478: Slug đã tồn tại trong database
Dòng 479: Slug đã tồn tại trong database
Dòng 480: Slug đã tồn tại trong database
Dòng 481: Slug đã tồn tại trong database
Dòng 482: Slug đã tồn tại trong database
Dòng 483: Slug đã tồn tại trong database
Dòng 484: Slug đã tồn tại trong database
Dòng 485: Slug đã tồn tại trong database
Dòng 486: Slug đã tồn tại trong database
Dòng 487: Slug đã tồn tại trong database
Dòng 488: Slug đã tồn tại trong database
Dòng 489: Slug đã tồn tại trong database
Dòng 490: Slug đã tồn tại trong database
Dòng 491: Slug đã tồn tại trong database
Dòng 492: Slug đã tồn tại trong database
Dòng 493: Slug đã tồn tại trong database
Dòng 494: Slug đã tồn tại trong database
Dòng 495: Slug đã tồn tại trong database
Dòng 496: Slug đã tồn tại trong database
Dòng 497: Slug đã tồn tại trong database
Dòng 498: Slug đã tồn tại trong database
Dòng 499: Slug đã tồn tại trong database
Dòng 500: Slug đã tồn tại trong database
Dòng 501: Slug đã tồn tại trong database
Dòng 502: Slug đã tồn tại trong database
Dòng 503: Slug đã tồn tại trong database
Dòng 504: Slug đã tồn tại trong database
Dòng 505: Slug đã tồn tại trong database
Dòng 506: Slug đã tồn tại trong database
Dòng 507: Slug đã tồn tại trong database
Dòng 508: Slug đã tồn tại trong database
Dòng 509: Slug đã tồn tại trong database
Dòng 510: Slug đã tồn tại trong database
Dòng 511: Slug đã tồn tại trong database
Dòng 512: Slug đã tồn tại trong database
Dòng 513: Slug đã tồn tại trong database
Dòng 514: Slug đã tồn tại trong database
Dòng 515: Slug đã tồn tại trong database
Dòng 516: Slug đã tồn tại trong database
Dòng 517: Slug đã tồn tại trong database
Dòng 518: Slug đã tồn tại trong database
Dòng 519: Slug đã tồn tại trong database
Dòng 520: Slug đã tồn tại trong database
Dòng 521: Slug đã tồn tại trong database
Dòng 522: Slug đã tồn tại trong database
Dòng 523: Slug đã tồn tại trong database
Dòng 524: Slug đã tồn tại trong database
Dòng 525: Slug đã tồn tại trong database
Dòng 526: Slug đã tồn tại trong database
Dòng 527: Slug đã tồn tại trong database
Dòng 528: Slug đã tồn tại trong database
Dòng 529: Slug đã tồn tại trong database
Dòng 530: Slug đã tồn tại trong database
Dòng 531: Slug đã tồn tại trong database
Dòng 532: Slug đã tồn tại trong database
Dòng 533: Slug đã tồn tại trong database
Dòng 534: Slug đã tồn tại trong database
Dòng 535: Slug đã tồn tại trong database
Dòng 536: Slug đã tồn tại trong database
Dòng 537: Slug đã tồn tại trong database
Dòng 538: Slug đã tồn tại trong database
Dòng 539: Slug đã tồn tại trong database
Dòng 540: Slug đã tồn tại trong database
Dòng 541: Slug đã tồn tại trong database
Dòng 542: Slug đã tồn tại trong database
Dòng 543: Slug đã tồn tại trong database
Dòng 544: Slug đã tồn tại trong database
Dòng 545: Slug đã tồn tại trong database
Dòng 546: Slug đã tồn tại trong database
Dòng 547: Slug đã tồn tại trong database
Dòng 548: Slug đã tồn tại trong database
Dòng 549: Slug đã tồn tại trong database
Dòng 550: Slug đã tồn tại trong database
Dòng 551: Slug đã tồn tại trong database
Dòng 552: Slug đã tồn tại trong database
Dòng 553: Slug đã tồn tại trong database
Dòng 554: Slug đã tồn tại trong database
Dòng 555: Slug đã tồn tại trong database
Dòng 556: Slug đã tồn tại trong database
Dòng 557: Slug đã tồn tại trong database
Dòng 558: Slug đã tồn tại trong database
Dòng 559: Slug đã tồn tại trong database
Dòng 560: Slug đã tồn tại trong database
Dòng 561: Slug đã tồn tại trong database
Dòng 562: Slug đã tồn tại trong database
Dòng 563: Slug đã tồn tại trong database
Dòng 564: Slug đã tồn tại trong database
Dòng 565: Slug đã tồn tại trong database
Dòng 566: Slug đã tồn tại trong database
Dòng 567: Slug đã tồn tại trong database
Dòng 568: Slug đã tồn tại trong database
Dòng 569: Slug đã tồn tại trong database
Dòng 570: Slug đã tồn tại trong database
Dòng 571: Slug đã tồn tại trong database
Dòng 572: Slug đã tồn tại trong database
Dòng 573: Slug đã tồn tại trong database
Dòng 574: Slug đã tồn tại trong database
Dòng 575: Slug đã tồn tại trong database
Dòng 576: Slug đã tồn tại trong database
Dòng 577: Slug đã tồn tại trong database
Dòng 578: Slug đã tồn tại trong database
Dòng 579: Slug đã tồn tại trong database
Dòng 580: Slug đã tồn tại trong database
Dòng 581: Slug đã tồn tại trong database
Dòng 582: Slug đã tồn tại trong database
Dòng 583: Slug đã tồn tại trong database
Dòng 584: Slug đã tồn tại trong database
Dòng 585: Slug đã tồn tại trong database
Dòng 586: Slug đã tồn tại trong database
Dòng 587: Slug đã tồn tại trong database
Dòng 588: Slug đã tồn tại trong database
Dòng 589: Slug đã tồn tại trong database
Dòng 590: Slug đã tồn tại trong database
Dòng 591: Slug đã tồn tại trong database
Dòng 592: Slug đã tồn tại trong database
Dòng 593: Slug đã tồn tại trong database
Dòng 594: Slug đã tồn tại trong database
Dòng 595: Slug đã tồn tại trong database
Dòng 596: Slug đã tồn tại trong database
Dòng 597: Slug đã tồn tại trong database
Dòng 598: Slug đã tồn tại trong database
Dòng 599: Slug đã tồn tại trong database
Dòng 600: Slug đã tồn tại trong database
Dòng 601: Slug đã tồn tại trong database
Dòng 602: Slug đã tồn tại trong database
Dòng 603: Slug đã tồn tại trong database
Dòng 604: Slug đã tồn tại trong database
Dòng 605: Slug đã tồn tại trong database
Dòng 606: Slug đã tồn tại trong database
Dòng 607: Slug đã tồn tại trong database
Dòng 608: Slug đã tồn tại trong database
Dòng 609: Slug đã tồn tại trong database
Dòng 610: Slug đã tồn tại trong database
Dòng 611: Slug đã tồn tại trong database
Dòng 612: Slug đã tồn tại trong database
Dòng 613: Slug đã tồn tại trong database
Dòng 614: Slug đã tồn tại trong database
Dòng 615: Slug đã tồn tại trong database
Dòng 616: Slug đã tồn tại trong database
Dòng 617: Slug đã tồn tại trong database
Dòng 618: Slug đã tồn tại trong database
Dòng 619: Slug đã tồn tại trong database
Dòng 620: Slug đã tồn tại trong database
Dòng 621: Slug đã tồn tại trong database
Dòng 622: Slug đã tồn tại trong database
Dòng 623: Slug đã tồn tại trong database
Dòng 624: Slug đã tồn tại trong database
Dòng 625: Slug đã tồn tại trong database
Dòng 626: Slug đã tồn tại trong database
Dòng 627: Slug đã tồn tại trong database
Dòng 628: Slug đã tồn tại trong database
Dòng 629: Slug đã tồn tại trong database
Dòng 630: Slug đã tồn tại trong database
Dòng 631: Slug đã tồn tại trong database
Dòng 632: Slug đã tồn tại trong database
Dòng 633: Slug đã tồn tại trong database
Dòng 634: Slug đã tồn tại trong database
Dòng 635: Slug đã tồn tại trong database
Dòng 636: Slug đã tồn tại trong database
Dòng 637: Slug đã tồn tại trong database
Dòng 638: Slug đã tồn tại trong database
Dòng 639: Slug đã tồn tại trong database
Dòng 640: Slug đã tồn tại trong database
Dòng 641: Slug đã tồn tại trong database
Dòng 642: Slug đã tồn tại trong database
Dòng 643: Slug đã tồn tại trong database
Dòng 644: Slug đã tồn tại trong database
Dòng 645: Slug đã tồn tại trong database
Dòng 646: Slug đã tồn tại trong database
Dòng 647: Slug đã tồn tại trong database
Dòng 648: Slug đã tồn tại trong database
Dòng 649: Slug đã tồn tại trong database
Dòng 650: Slug đã tồn tại trong database
Dòng 651: Slug đã tồn tại trong database
Dòng 652: Slug đã tồn tại trong database
Dòng 653: Slug đã tồn tại trong database
Dòng 654: Slug đã tồn tại trong database
Dòng 655: Slug đã tồn tại trong database
Dòng 656: Slug đã tồn tại trong database
Dòng 657: Slug đã tồn tại trong database
Dòng 658: Slug đã tồn tại trong database
Dòng 659: Slug đã tồn tại trong database
Dòng 660: Slug đã tồn tại trong database
Dòng 661: Slug đã tồn tại trong database
Dòng 662: Slug đã tồn tại trong database
Dòng 663: Slug đã tồn tại trong database
Dòng 664: Slug đã tồn tại trong database
Dòng 665: Slug đã tồn tại trong database
Dòng 666: Slug đã tồn tại trong database
Dòng 667: Slug đã tồn tại trong database
Dòng 668: Slug đã tồn tại trong database
Dòng 669: Slug đã tồn tại trong database
Dòng 670: Slug đã tồn tại trong database
Dòng 671: Slug đã tồn tại trong database
Dòng 672: Slug đã tồn tại trong database
Dòng 673: Slug đã tồn tại trong database
Dòng 674: Slug đã tồn tại trong database
Dòng 675: Slug đã tồn tại trong database
Dòng 676: Slug đã tồn tại trong database
Dòng 677: Slug đã tồn tại trong database
Dòng 678: Slug đã tồn tại trong database
Dòng 679: Slug đã tồn tại trong database
Dòng 680: Slug đã tồn tại trong database
Dòng 681: Slug đã tồn tại trong database
Dòng 682: Slug đã tồn tại trong database
Dòng 683: Slug đã tồn tại trong database
Dòng 684: Slug đã tồn tại trong database
Dòng 685: Slug đã tồn tại trong database
Dòng 686: Slug đã tồn tại trong database
Dòng 687: Slug đã tồn tại trong database
Dòng 688: Slug đã tồn tại trong database
Dòng 689: Slug đã tồn tại trong database
Dòng 690: Slug đã tồn tại trong database
Dòng 691: Slug đã tồn tại trong database
Dòng 692: Slug đã tồn tại trong database
Dòng 693: Slug đã tồn tại trong database
Dòng 694: Slug đã tồn tại trong database
Dòng 695: Slug đã tồn tại trong database
Dòng 696: Slug đã tồn tại trong database
Dòng 697: Slug đã tồn tại trong database
Dòng 698: Slug đã tồn tại trong database
Dòng 699: Slug đã tồn tại trong database
Dòng 700: Slug đã tồn tại trong database
Dòng 701: Slug đã tồn tại trong database
Dòng 702: Slug đã tồn tại trong database
Dòng 703: Slug đã tồn tại trong database
Dòng 704: Slug đã tồn tại trong database
Dòng 705: Slug đã tồn tại trong database
Dòng 706: Slug đã tồn tại trong database
Dòng 707: Slug đã tồn tại trong database
Dòng 708: Slug đã tồn tại trong database
Dòng 709: Slug đã tồn tại trong database
Dòng 710: Slug đã tồn tại trong database
Dòng 711: Slug đã tồn tại trong database
Dòng 712: Slug đã tồn tại trong database
Dòng 713: Slug đã tồn tại trong database
Dòng 714: Slug đã tồn tại trong database
Dòng 715: Slug đã tồn tại trong database
Dòng 716: Slug đã tồn tại trong database
Dòng 717: Slug đã tồn tại trong database
Dòng 718: Slug đã tồn tại trong database
Dòng 719: Slug đã tồn tại trong database
Dòng 720: Slug đã tồn tại trong database
Dòng 721: Slug đã tồn tại trong database
Dòng 722: Slug đã tồn tại trong database
Dòng 723: Slug đã tồn tại trong database
Dòng 724: Slug đã tồn tại trong database
Dòng 725: Slug đã tồn tại trong database
Dòng 726: Slug đã tồn tại trong database
Dòng 727: Slug đã tồn tại trong database
Dòng 728: Slug đã tồn tại trong database
Dòng 729: Slug đã tồn tại trong database
Dòng 730: Slug đã tồn tại trong database
Dòng 731: Slug đã tồn tại trong database
Dòng 732: Slug đã tồn tại trong database
Dòng 733: Slug đã tồn tại trong database
Dòng 734: Slug đã tồn tại trong database
Dòng 735: Slug đã tồn tại trong database
Dòng 736: Slug đã tồn tại trong database
Dòng 737: Slug đã tồn tại trong database
Dòng 738: Slug đã tồn tại trong database
Dòng 739: Slug đã tồn tại trong database
Dòng 740: Slug đã tồn tại trong database
Dòng 741: Slug đã tồn tại trong database
Dòng 742: Slug đã tồn tại trong database
Dòng 743: Slug đã tồn tại trong database
Dòng 744: Slug đã tồn tại trong database
Dòng 745: Slug đã tồn tại trong database
Dòng 746: Slug đã tồn tại trong database
Dòng 747: Slug đã tồn tại trong database
Dòng 748: Slug đã tồn tại trong database
Dòng 749: Slug đã tồn tại trong database
Dòng 750: Slug đã tồn tại trong database
Dòng 751: Slug đã tồn tại trong database
Dòng 752: Slug đã tồn tại trong database
Dòng 753: Slug đã tồn tại trong database
Dòng 754: Slug đã tồn tại trong database
Dòng 755: Slug đã tồn tại trong database
Dòng 756: Slug đã tồn tại trong database
Dòng 757: Slug đã tồn tại trong database
Dòng 758: Slug đã tồn tại trong database
Dòng 759: Slug đã tồn tại trong database
Dòng 760: Slug đã tồn tại trong database
Dòng 761: Slug đã tồn tại trong database
Dòng 762: Slug đã tồn tại trong database
Dòng 763: Slug đã tồn tại trong database
Dòng 764: Slug đã tồn tại trong database
Dòng 765: Slug đã tồn tại trong database
Dòng 766: Slug đã tồn tại trong database
Dòng 767: Slug đã tồn tại trong database
Dòng 768: Slug đã tồn tại trong database
Dòng 769: Slug đã tồn tại trong database
Dòng 770: Slug đã tồn tại trong database
Dòng 771: Slug đã tồn tại trong database
Dòng 772: Slug đã tồn tại trong database
Dòng 773: Slug đã tồn tại trong database
Dòng 774: Slug đã tồn tại trong database
Dòng 775: Slug đã tồn tại trong database
Dòng 776: Slug đã tồn tại trong database
Dòng 777: Slug đã tồn tại trong database
Dòng 778: Slug đã tồn tại trong database
Dòng 779: Slug đã tồn tại trong database
Dòng 780: Slug đã tồn tại trong database
Dòng 781: Slug đã tồn tại trong database
Dòng 782: Slug đã tồn tại trong database
Dòng 783: Slug đã tồn tại trong database
Dòng 784: Slug đã tồn tại trong database
Dòng 785: Slug đã tồn tại trong database
Dòng 786: Slug đã tồn tại trong database
Dòng 787: Slug đã tồn tại trong database
Dòng 788: Slug đã tồn tại trong database
Dòng 789: Slug đã tồn tại trong database
Dòng 790: Slug đã tồn tại trong database
Dòng 791: Slug đã tồn tại trong database
Dòng 792: Slug đã tồn tại trong database
Dòng 793: Slug đã tồn tại trong database
Dòng 794: Slug đã tồn tại trong database
Dòng 795: Slug đã tồn tại trong database
Dòng 796: Slug đã tồn tại trong database
Dòng 797: Slug đã tồn tại trong database
Dòng 798: Slug đã tồn tại trong database
Dòng 799: Slug đã tồn tại trong database
Dòng 800: Slug đã tồn tại trong database
Dòng 801: Slug đã tồn tại trong database
Dòng 802: Slug đã tồn tại trong database
Dòng 803: Slug đã tồn tại trong database
Dòng 804: Slug đã tồn tại trong database
Dòng 805: Slug đã tồn tại trong database
Dòng 806: Slug đã tồn tại trong database
Dòng 807: Slug đã tồn tại trong database
Dòng 808: Slug đã tồn tại trong database
Dòng 809: Slug đã tồn tại trong database
Dòng 810: Slug đã tồn tại trong database
Dòng 811: Slug đã tồn tại trong database
Dòng 812: Slug đã tồn tại trong database
Dòng 813: Slug đã tồn tại trong database
Dòng 814: Slug đã tồn tại trong database
Dòng 815: Slug đã tồn tại trong database
Dòng 816: Slug đã tồn tại trong database
Dòng 817: Slug đã tồn tại trong database
Dòng 818: Slug đã tồn tại trong database
Dòng 819: Slug đã tồn tại trong database
Dòng 820: Slug đã tồn tại trong database
Dòng 821: Slug đã tồn tại trong database
Dòng 822: Slug đã tồn tại trong database
Dòng 823: Slug đã tồn tại trong database
Dòng 824: Slug đã tồn tại trong database
Dòng 825: Slug đã tồn tại trong database
Dòng 826: Slug đã tồn tại trong database
Dòng 827: Slug đã tồn tại trong database
Dòng 828: Slug đã tồn tại trong database
Dòng 829: Slug đã tồn tại trong database
Dòng 830: Slug đã tồn tại trong database
Dòng 831: Slug đã tồn tại trong database
Dòng 832: Slug đã tồn tại trong database
Dòng 833: Slug đã tồn tại trong database
Dòng 834: Slug đã tồn tại trong database
Dòng 835: Slug đã tồn tại trong database
Dòng 836: Slug đã tồn tại trong database
Dòng 837: Slug đã tồn tại trong database
Dòng 838: Slug đã tồn tại trong database
Dòng 839: Slug đã tồn tại trong database
Dòng 840: Slug đã tồn tại trong database
Dòng 841: Slug đã tồn tại trong database
Dòng 842: Slug đã tồn tại trong database
Dòng 843: Slug đã tồn tại trong database
Dòng 844: Slug đã tồn tại trong database
Dòng 845: Slug đã tồn tại trong database
Dòng 846: Slug đã tồn tại trong database
Dòng 847: Slug đã tồn tại trong database
Dòng 848: Slug đã tồn tại trong database
Dòng 849: Slug đã tồn tại trong database
Dòng 850: Slug đã tồn tại trong database
Dòng 851: Slug đã tồn tại trong database
Dòng 852: Slug đã tồn tại trong database
Dòng 853: Slug đã tồn tại trong database
Dòng 854: Slug đã tồn tại trong database
Dòng 855: Slug đã tồn tại trong database
Dòng 856: Slug đã tồn tại trong database
Dòng 857: Slug đã tồn tại trong database
Dòng 858: Slug đã tồn tại trong database
Dòng 859: Slug đã tồn tại trong database
Dòng 860: Slug đã tồn tại trong database
Dòng 861: Slug đã tồn tại trong database
Dòng 862: Slug đã tồn tại trong database
Dòng 863: Slug đã tồn tại trong database
Dòng 864: Slug đã tồn tại trong database
Dòng 865: Slug đã tồn tại trong database
Dòng 866: Slug đã tồn tại trong database
Dòng 867: Slug đã tồn tại trong database
Dòng 868: Slug đã tồn tại trong database
Dòng 869: Slug đã tồn tại trong database
Dòng 870: Slug đã tồn tại trong database
Dòng 871: Slug đã tồn tại trong database
Dòng 872: Slug đã tồn tại trong database
Dòng 873: Slug đã tồn tại trong database
Dòng 874: Slug đã tồn tại trong database
Dòng 875: Slug đã tồn tại trong database
Dòng 876: Slug đã tồn tại trong database
Dòng 877: Slug đã tồn tại trong database
Dòng 878: Slug đã tồn tại trong database
Dòng 879: Slug đã tồn tại trong database
Dòng 880: Slug đã tồn tại trong database
Dòng 881: Slug đã tồn tại trong database
Dòng 882: Slug đã tồn tại trong database
Dòng 883: Slug đã tồn tại trong database
Dòng 884: Slug đã tồn tại trong database
Dòng 885: Slug đã tồn tại trong database
Dòng 886: Slug đã tồn tại trong database
Dòng 887: Slug đã tồn tại trong database
Dòng 888: Slug đã tồn tại trong database
Dòng 889: Slug đã tồn tại trong database
Dòng 890: Slug đã tồn tại trong database
Dòng 891: Slug đã tồn tại trong database
Dòng 892: Slug đã tồn tại trong database
Dòng 893: Slug đã tồn tại trong database
Dòng 894: Slug đã tồn tại trong database
Dòng 895: Slug đã tồn tại trong database
Dòng 896: Slug đã tồn tại trong database
Dòng 897: Slug đã tồn tại trong database
Dòng 898: Slug đã tồn tại trong database
Dòng 899: Slug đã tồn tại trong database
Dòng 900: Slug đã tồn tại trong database
Dòng 901: Slug đã tồn tại trong database
Dòng 902: Slug đã tồn tại trong database
Dòng 903: Slug đã tồn tại trong database
Dòng 904: Slug đã tồn tại trong database
Dòng 905: Slug đã tồn tại trong database
Dòng 906: Slug đã tồn tại trong database
Dòng 907: Slug đã tồn tại trong database
Dòng 908: Slug đã tồn tại trong database
Dòng 909: Slug đã tồn tại trong database
Dòng 910: Slug đã tồn tại trong database
Dòng 911: Slug đã tồn tại trong database
Dòng 912: Slug đã tồn tại trong database
Dòng 913: Slug đã tồn tại trong database
Dòng 914: Slug đã tồn tại trong database
Dòng 915: Slug đã tồn tại trong database
Dòng 916: Slug đã tồn tại trong database
Dòng 917: Slug đã tồn tại trong database
Dòng 918: Slug đã tồn tại trong database
Dòng 919: Slug đã tồn tại trong database
Dòng 920: Slug đã tồn tại trong database
Dòng 921: Slug đã tồn tại trong database
Dòng 922: Slug đã tồn tại trong database
Dòng 923: Slug đã tồn tại trong database
Dòng 924: Slug đã tồn tại trong database
Dòng 925: Slug đã tồn tại trong database
Dòng 926: Slug đã tồn tại trong database
Dòng 927: Slug đã tồn tại trong database
Dòng 928: Slug đã tồn tại trong database
Dòng 929: Slug đã tồn tại trong database
Dòng 930: Slug đã tồn tại trong database
Dòng 931: Slug đã tồn tại trong database
Dòng 932: Slug đã tồn tại trong database
Dòng 933: Slug đã tồn tại trong database
Dòng 934: Slug đã tồn tại trong database
Dòng 935: Slug đã tồn tại trong database
Dòng 936: Slug đã tồn tại trong database
Dòng 937: Slug đã tồn tại trong database
Dòng 938: Slug đã tồn tại trong database
Dòng 939: Slug đã tồn tại trong database
Dòng 940: Slug đã tồn tại trong database
Dòng 941: Slug đã tồn tại trong database
Dòng 942: Slug đã tồn tại trong database
Dòng 943: Slug đã tồn tại trong database
Dòng 944: Slug đã tồn tại trong database
Dòng 945: Slug đã tồn tại trong database
Dòng 946: Slug đã tồn tại trong database
Dòng 947: Slug đã tồn tại trong database
Dòng 948: Slug đã tồn tại trong database
Dòng 949: Slug đã tồn tại trong database
Dòng 950: Slug đã tồn tại trong database
Dòng 951: Slug đã tồn tại trong database
Dòng 952: Slug đã tồn tại trong database
Dòng 953: Slug đã tồn tại trong database
Dòng 954: Slug đã tồn tại trong database
Dòng 955: Slug đã tồn tại trong database
Dòng 956: Slug đã tồn tại trong database
Dòng 957: Slug đã tồn tại trong database
Dòng 958: Slug đã tồn tại trong database
Dòng 959: Slug đã tồn tại trong database
Dòng 960: Slug đã tồn tại trong database
Dòng 961: Slug đã tồn tại trong database
Dòng 962: Slug đã tồn tại trong database
Dòng 963: Slug đã tồn tại trong database
Dòng 964: Slug đã tồn tại trong database
Dòng 965: Slug đã tồn tại trong database
Dòng 966: Slug đã tồn tại trong database
Dòng 967: Slug đã tồn tại trong database
Dòng 968: Slug đã tồn tại trong database
Dòng 969: Slug đã tồn tại trong database
Dòng 970: Slug đã tồn tại trong database
Dòng 971: Slug đã tồn tại trong database
Dòng 972: Slug đã tồn tại trong database
Dòng 973: Slug đã tồn tại trong database
Dòng 974: Slug đã tồn tại trong database
Dòng 975: Slug đã tồn tại trong database
Dòng 976: Slug đã tồn tại trong database
Dòng 977: Slug đã tồn tại trong database
Dòng 978: Slug đã tồn tại trong database
Dòng 979: Slug đã tồn tại trong database
Dòng 980: Slug đã tồn tại trong database
Dòng 981: Slug đã tồn tại trong database
Dòng 982: Slug đã tồn tại trong database
Dòng 983: Slug đã tồn tại trong database
Dòng 984: Slug đã tồn tại trong database
Dòng 985: Slug đã tồn tại trong database
Dòng 986: Slug đã tồn tại trong database
Dòng 987: Slug đã tồn tại trong database
Dòng 988: Slug đã tồn tại trong database
Dòng 989: Slug đã tồn tại trong database
Dòng 990: Slug đã tồn tại trong database
Dòng 991: Slug đã tồn tại trong database
Dòng 992: Slug đã tồn tại trong database
Dòng 993: Slug đã tồn tại trong database
Dòng 994: Slug đã tồn tại trong database
Dòng 995: Slug đã tồn tại trong database
Dòng 996: Slug đã tồn tại trong database
Dòng 997: Slug đã tồn tại trong database
Dòng 998: Slug đã tồn tại trong database
Dòng 999: Slug đã tồn tại trong database
Dòng 1000: Slug đã tồn tại trong database
Dòng 1001: Slug đã tồn tại trong database
Dòng 1002: Slug đã tồn tại trong database
Dòng 1003: Slug đã tồn tại trong database
Dòng 1004: Slug đã tồn tại trong database
Dòng 1005: Slug đã tồn tại trong database
Dòng 1006: Slug đã tồn tại trong database
Dòng 1007: Slug đã tồn tại trong database
Dòng 1008: Slug đã tồn tại trong database
Dòng 1009: Slug đã tồn tại trong database
Dòng 1010: Slug đã tồn tại trong database
Dòng 1011: Slug đã tồn tại trong database
Dòng 1012: Slug đã tồn tại trong database
Dòng 1013: Slug đã tồn tại trong database
Dòng 1014: Slug đã tồn tại trong database
Dòng 1015: Slug đã tồn tại trong database
Dòng 1016: Slug đã tồn tại trong database
Dòng 1017: Slug đã tồn tại trong database
Dòng 1018: Slug đã tồn tại trong database
Dòng 1019: Slug đã tồn tại trong database
Dòng 1020: Slug đã tồn tại trong database
Dòng 1021: Slug đã tồn tại trong database
Dòng 1022: Slug đã tồn tại trong database
Dòng 1023: Slug đã tồn tại trong database
Dòng 1024: Slug đã tồn tại trong database
Dòng 1025: Slug đã tồn tại trong database
Dòng 1026: Slug đã tồn tại trong database
Dòng 1027: Slug đã tồn tại trong database
Dòng 1028: Slug đã tồn tại trong database
Dòng 1029: Slug đã tồn tại trong database
Dòng 1030: Slug đã tồn tại trong database
Dòng 1031: Slug đã tồn tại trong database
Dòng 1032: Slug đã tồn tại trong database
Dòng 1033: Slug đã tồn tại trong database
Dòng 1034: Slug đã tồn tại trong database
Dòng 1035: Slug đã tồn tại trong database
Dòng 1036: Slug đã tồn tại trong database
Dòng 1037: Slug đã tồn tại trong database
Dòng 1038: Slug đã tồn tại trong database
Dòng 1039: Slug đã tồn tại trong database
Dòng 1040: Slug đã tồn tại trong database
Dòng 1041: Slug đã tồn tại trong database
Dòng 1042: Slug đã tồn tại trong database
Dòng 1043: Slug đã tồn tại trong database
Dòng 1044: Slug đã tồn tại trong database
Dòng 1045: Slug đã tồn tại trong database
Dòng 1046: Slug đã tồn tại trong database
Dòng 1047: Slug đã tồn tại trong database
Dòng 1048: Slug đã tồn tại trong database
Dòng 1049: Slug đã tồn tại trong database
Dòng 1050: Slug đã tồn tại trong database
Dòng 1051: Slug đã tồn tại trong database
Dòng 1052: Slug đã tồn tại trong database
Dòng 1053: Slug đã tồn tại trong database
Dòng 1054: Slug đã tồn tại trong database
Dòng 1055: Slug đã tồn tại trong database
Dòng 1056: Slug đã tồn tại trong database
Dòng 1057: Slug đã tồn tại trong database
Dòng 1058: Slug đã tồn tại trong database
Dòng 1059: Slug đã tồn tại trong database
Dòng 1060: Slug đã tồn tại trong database
Dòng 1061: Slug đã tồn tại trong database
Dòng 1062: Slug đã tồn tại trong database
Dòng 1063: Slug đã tồn tại trong database
Dòng 1064: Slug đã tồn tại trong database
Dòng 1065: Slug đã tồn tại trong database
Dòng 1066: Slug đã tồn tại trong database
Dòng 1067: Slug đã tồn tại trong database
Dòng 1068: Slug đã tồn tại trong database
Dòng 1069: Slug đã tồn tại trong database
Dòng 1070: Slug đã tồn tại trong database
Dòng 1071: Slug đã tồn tại trong database
Dòng 1072: Slug đã tồn tại trong database
Dòng 1073: Slug đã tồn tại trong database
Dòng 1074: Slug đã tồn tại trong database
Dòng 1075: Slug đã tồn tại trong database
Dòng 1076: Slug đã tồn tại trong database
Dòng 1077: Slug đã tồn tại trong database
Dòng 1078: Slug đã tồn tại trong database
Dòng 1079: Slug đã tồn tại trong database
Dòng 1080: Slug đã tồn tại trong database
Dòng 1081: Slug đã tồn tại trong database
Dòng 1082: Slug đã tồn tại trong database
Dòng 1083: Slug đã tồn tại trong database
Dòng 1084: Slug đã tồn tại trong database
Dòng 1085: Slug đã tồn tại trong database
Dòng 1086: Slug đã tồn tại trong database
Dòng 1087: Slug đã tồn tại trong database
Dòng 1088: Slug đã tồn tại trong database
Dòng 1089: Slug đã tồn tại trong database
Dòng 1090: Slug đã tồn tại trong database
Dòng 1091: Slug đã tồn tại trong database
Dòng 1092: Slug đã tồn tại trong database
Dòng 1093: Slug đã tồn tại trong database
Dòng 1094: Slug đã tồn tại trong database
Dòng 1095: Slug đã tồn tại trong database
Dòng 1096: Slug đã tồn tại trong database
Dòng 1097: Slug đã tồn tại trong database
Dòng 1098: Slug đã tồn tại trong database
Dòng 1099: Slug đã tồn tại trong database
Dòng 1100: Slug đã tồn tại trong database
Dòng 1101: Slug đã tồn tại trong database
Dòng 1102: Slug đã tồn tại trong database
Dòng 1103: Slug đã tồn tại trong database
Dòng 1104: Slug đã tồn tại trong database
Dòng 1105: Slug đã tồn tại trong database
Dòng 1106: Slug đã tồn tại trong database
Dòng 1107: Slug đã tồn tại trong database
Dòng 1108: Slug đã tồn tại trong database
Dòng 1109: Slug đã tồn tại trong database
Dòng 1110: Slug đã tồn tại trong database
Dòng 1111: Slug đã tồn tại trong database
Dòng 1112: Slug đã tồn tại trong database
Dòng 1113: Slug đã tồn tại trong database
Dòng 1114: Slug đã tồn tại trong database
Dòng 1115: Slug đã tồn tại trong database
Dòng 1116: Slug đã tồn tại trong database
Dòng 1117: Slug đã tồn tại trong database
Dòng 1118: Slug đã tồn tại trong database
Dòng 1119: Slug đã tồn tại trong database
Dòng 1120: Slug đã tồn tại trong database
Dòng 1121: Slug đã tồn tại trong database
Dòng 1122: Slug đã tồn tại trong database
Dòng 1123: Slug đã tồn tại trong database
Dòng 1124: Slug đã tồn tại trong database
Dòng 1125: Slug đã tồn tại trong database
Dòng 1126: Slug đã tồn tại trong database
Dòng 1127: Slug đã tồn tại trong database
Dòng 1128: Slug đã tồn tại trong database
Dòng 1129: Slug đã tồn tại trong database
Dòng 1130: Slug đã tồn tại trong database
Dòng 1131: Slug đã tồn tại trong database
Dòng 1132: Slug đã tồn tại trong database
Dòng 1133: Slug đã tồn tại trong database
Dòng 1134: Slug đã tồn tại trong database
Dòng 1135: Slug đã tồn tại trong database
Dòng 1136: Slug đã tồn tại trong database
Dòng 1137: Slug đã tồn tại trong database
Dòng 1138: Slug đã tồn tại trong database
Dòng 1139: Slug đã tồn tại trong database
Dòng 1140: Slug đã tồn tại trong database
Dòng 1141: Slug đã tồn tại trong database
Dòng 1142: Slug đã tồn tại trong database
Dòng 1143: Slug đã tồn tại trong database
Dòng 1144: Slug đã tồn tại trong database
Dòng 1145: Slug đã tồn tại trong database
Dòng 1146: Slug đã tồn tại trong database
Dòng 1147: Slug đã tồn tại trong database
Dòng 1148: Slug đã tồn tại trong database
Dòng 1149: Slug đã tồn tại trong database
Dòng 1150: Slug đã tồn tại trong database
Dòng 1151: Slug đã tồn tại trong database
Dòng 1152: Slug đã tồn tại trong database
Dòng 1153: Slug đã tồn tại trong database
Dòng 1154: Slug đã tồn tại trong database
Dòng 1155: Slug đã tồn tại trong database
Dòng 1156: Slug đã tồn tại trong database
Dòng 1157: Slug đã tồn tại trong database
Dòng 1158: Slug đã tồn tại trong database
Dòng 1159: Slug đã tồn tại trong database
Dòng 1160: Slug đã tồn tại trong database
Dòng 1161: Slug đã tồn tại trong database
Dòng 1162: Slug đã tồn tại trong database
Dòng 1163: Slug đã tồn tại trong database
Dòng 1164: Slug đã tồn tại trong database
Dòng 1165: Slug đã tồn tại trong database
Dòng 1166: Slug đã tồn tại trong database
Dòng 1167: Slug đã tồn tại trong database
Dòng 1168: Slug đã tồn tại trong database
Dòng 1169: Slug đã tồn tại trong database
Dòng 1170: Slug đã tồn tại trong database
Dòng 1171: Slug đã tồn tại trong database
Dòng 1172: Slug đã tồn tại trong database
Dòng 1173: Slug đã tồn tại trong database
Dòng 1174: Slug đã tồn tại trong database
Dòng 1175: Slug đã tồn tại trong database
Dòng 1176: Slug đã tồn tại trong database
Dòng 1177: Slug đã tồn tại trong database
Dòng 1178: Slug đã tồn tại trong database
Dòng 1179: Slug đã tồn tại trong database
Dòng 1180: Slug đã tồn tại trong database
Dòng 1181: Slug đã tồn tại trong database
Dòng 1182: Slug đã tồn tại trong database
Dòng 1183: Slug đã tồn tại trong database
Dòng 1184: Slug đã tồn tại trong database
Dòng 1185: Slug đã tồn tại trong database
Dòng 1186: Slug đã tồn tại trong database
Dòng 1187: Slug đã tồn tại trong database
Dòng 1188: Slug đã tồn tại trong database
Dòng 1189: Slug đã tồn tại trong database
Dòng 1190: Slug đã tồn tại trong database
Dòng 1191: Slug đã tồn tại trong database
Dòng 1192: Slug đã tồn tại trong database
Dòng 1193: Slug đã tồn tại trong database
Dòng 1194: Slug đã tồn tại trong database
Dòng 1195: Slug đã tồn tại trong database
Dòng 1196: Slug đã tồn tại trong database
Dòng 1197: Slug đã tồn tại trong database
Dòng 1198: Slug đã tồn tại trong database
Dòng 1199: Slug đã tồn tại trong database
Dòng 1200: Slug đã tồn tại trong database
Dòng 1201: Slug đã tồn tại trong database
Dòng 1202: Slug đã tồn tại trong database
Dòng 1203: Slug đã tồn tại trong database
Dòng 1204: Slug đã tồn tại trong database
Dòng 1205: Slug đã tồn tại trong database
Dòng 1206: Slug đã tồn tại trong database
Dòng 1207: Slug đã tồn tại trong database
Dòng 1208: Slug đã tồn tại trong database
Dòng 1209: Slug đã tồn tại trong database
Dòng 1210: Slug đã tồn tại trong database
Dòng 1211: Slug đã tồn tại trong database
Dòng 1212: Slug đã tồn tại trong database
Dòng 1213: Slug đã tồn tại trong database
Dòng 1214: Slug đã tồn tại trong database
Dòng 1215: Slug đã tồn tại trong database
Dòng 1216: Slug đã tồn tại trong database
Dòng 1217: Slug đã tồn tại trong database
Dòng 1218: Slug đã tồn tại trong database
Dòng 1219: Slug đã tồn tại trong database
Dòng 1220: Slug đã tồn tại trong database
Dòng 1221: Slug đã tồn tại trong database
Dòng 1222: Slug đã tồn tại trong database
Dòng 1223: Slug đã tồn tại trong database
Dòng 1224: Slug đã tồn tại trong database
Dòng 1225: Slug đã tồn tại trong database
Dòng 1226: Slug đã tồn tại trong database
Dòng 1227: Slug đã tồn tại trong database
Dòng 1228: Slug đã tồn tại trong database
Dòng 1229: Slug đã tồn tại trong database
Dòng 1230: Slug đã tồn tại trong database
Dòng 1231: Slug đã tồn tại trong database
Dòng 1232: Slug đã tồn tại trong database
Dòng 1233: Slug đã tồn tại trong database
Dòng 1234: Slug đã tồn tại trong database
Dòng 1235: Slug đã tồn tại trong database
Dòng 1236: Slug đã tồn tại trong database
Dòng 1237: Slug đã tồn tại trong database
Dòng 1238: Slug đã tồn tại trong database
Dòng 1239: Slug đã tồn tại trong database
Dòng 1240: Slug đã tồn tại trong database
Dòng 1241: Slug đã tồn tại trong database
Dòng 1242: Slug đã tồn tại trong database
Dòng 1243: Slug đã tồn tại trong database
Dòng 1244: Slug đã tồn tại trong database
Dòng 1245: Slug đã tồn tại trong database
Dòng 1246: Slug đã tồn tại trong database
Dòng 1247: Slug đã tồn tại trong database
Dòng 1248: Slug đã tồn tại trong database
Dòng 1249: Slug đã tồn tại trong database
Dòng 1250: Slug đã tồn tại trong database
Dòng 1251: Slug đã tồn tại trong database
Dòng 1252: Slug đã tồn tại trong database
Dòng 1253: Slug đã tồn tại trong database
Dòng 1254: Slug đã tồn tại trong database
Dòng 1255: Slug đã tồn tại trong database
Dòng 1256: Slug đã tồn tại trong database
Dòng 1257: Slug đã tồn tại trong database
Dòng 1258: Slug đã tồn tại trong database
Dòng 1259: Slug đã tồn tại trong database
Dòng 1260: Slug đã tồn tại trong database
Dòng 1261: Slug đã tồn tại trong database
Dòng 1262: Slug đã tồn tại trong database
Dòng 1263: Slug đã tồn tại trong database
Dòng 1264: Slug đã tồn tại trong database
Dòng 1265: Slug đã tồn tại trong database
Dòng 1266: Slug đã tồn tại trong database
Dòng 1267: Slug đã tồn tại trong database
Dòng 1268: Slug đã tồn tại trong database
Dòng 1269: Slug đã tồn tại trong database
Dòng 1270: Slug đã tồn tại trong database
Dòng 1271: Slug đã tồn tại trong database
Dòng 1272: Slug đã tồn tại trong database
Dòng 1273: Slug đã tồn tại trong database
Dòng 1274: Slug đã tồn tại trong database
Dòng 1275: Slug đã tồn tại trong database
Dòng 1276: Slug đã tồn tại trong database
Dòng 1277: Slug đã tồn tại trong database
Dòng 1278: Slug đã tồn tại trong database
Dòng 1279: Slug đã tồn tại trong database
Dòng 1280: Slug đã tồn tại trong database
Dòng 1281: Slug đã tồn tại trong database
Dòng 1282: Slug đã tồn tại trong database
Dòng 1283: Slug đã tồn tại trong database
Dòng 1284: Slug đã tồn tại trong database
Dòng 1285: Slug đã tồn tại trong database
Dòng 1286: Slug đã tồn tại trong database
Dòng 1287: Slug đã tồn tại trong database
Dòng 1288: Slug đã tồn tại trong database
Dòng 1289: Slug đã tồn tại trong database
Dòng 1290: Slug đã tồn tại trong database
Dòng 1291: Slug đã tồn tại trong database
Dòng 1292: Slug đã tồn tại trong database
Dòng 1293: Slug đã tồn tại trong database
Dòng 1294: Slug đã tồn tại trong database
Dòng 1295: Slug đã tồn tại trong database
Dòng 1296: Slug đã tồn tại trong database
Dòng 1297: Slug đã tồn tại trong database
Dòng 1298: Slug đã tồn tại trong database
Dòng 1299: Slug đã tồn tại trong database
Dòng 1300: Slug đã tồn tại trong database
Dòng 1301: Slug đã tồn tại trong database
Dòng 1302: Slug đã tồn tại trong database
Dòng 1303: Slug đã tồn tại trong database
Dòng 1304: Slug đã tồn tại trong database
Dòng 1305: Slug đã tồn tại trong database
Dòng 1306: Slug đã tồn tại trong database
Dòng 1307: Slug đã tồn tại trong database
Dòng 1308: Slug đã tồn tại trong database
Dòng 1309: Slug đã tồn tại trong database
Dòng 1310: Slug đã tồn tại trong database
Dòng 1311: Slug đã tồn tại trong database
Dòng 1312: Slug đã tồn tại trong database
Dòng 1313: Slug đã tồn tại trong database
Dòng 1314: Slug đã tồn tại trong database
Dòng 1315: Slug đã tồn tại trong database
Dòng 1316: Slug đã tồn tại trong database
Dòng 1317: Slug đã tồn tại trong database
Dòng 1318: Slug đã tồn tại trong database
Dòng 1319: Slug đã tồn tại trong database
Dòng 1320: Slug đã tồn tại trong database
Dòng 1321: Slug đã tồn tại trong database
Dòng 1322: Slug đã tồn tại trong database
Dòng 1323: Slug đã tồn tại trong database
Dòng 1324: Slug đã tồn tại trong database
Dòng 1325: Slug đã tồn tại trong database
Dòng 1326: Slug đã tồn tại trong database
Dòng 1327: Slug đã tồn tại trong database
Dòng 1328: Slug đã tồn tại trong database
Dòng 1329: Slug đã tồn tại trong database
Dòng 1330: Slug đã tồn tại trong database
Dòng 1331: Slug đã tồn tại trong database
Dòng 1332: Slug đã tồn tại trong database
Dòng 1333: Slug đã tồn tại trong database
Dòng 1334: Slug đã tồn tại trong database
Dòng 1335: Slug đã tồn tại trong database
Dòng 1336: Slug đã tồn tại trong database
Dòng 1337: Slug đã tồn tại trong database
Dòng 1338: Slug đã tồn tại trong database
Dòng 1339: Slug đã tồn tại trong database
Dòng 1340: Slug đã tồn tại trong database
Dòng 1341: Slug đã tồn tại trong database
Dòng 1342: Slug đã tồn tại trong database
Dòng 1343: Slug đã tồn tại trong database
Dòng 1344: Slug đã tồn tại trong database
Dòng 1345: Slug đã tồn tại trong database
Dòng 1346: Slug đã tồn tại trong database
Dòng 1347: Slug đã tồn tại trong database
Dòng 1348: Slug đã tồn tại trong database
Dòng 1349: Slug đã tồn tại trong database
Dòng 1350: Slug đã tồn tại trong database
Dòng 1351: Slug đã tồn tại trong database
Dòng 1352: Slug đã tồn tại trong database
Dòng 1353: Slug đã tồn tại trong database
Dòng 1354: Slug đã tồn tại trong database
Dòng 1355: Slug đã tồn tại trong database
Dòng 1356: Slug đã tồn tại trong database
Dòng 1357: Slug đã tồn tại trong database
Dòng 1358: Slug đã tồn tại trong database
Dòng 1359: Slug đã tồn tại trong database
Dòng 1360: Slug đã tồn tại trong database
Dòng 1361: Slug đã tồn tại trong database
Dòng 1362: Slug đã tồn tại trong database
Dòng 1363: Slug đã tồn tại trong database
Dòng 1364: Slug đã tồn tại trong database
Dòng 1365: Slug đã tồn tại trong database
Dòng 1366: Slug đã tồn tại trong database
Dòng 1367: Slug đã tồn tại trong database
Dòng 1368: Slug đã tồn tại trong database
Dòng 1369: Slug đã tồn tại trong database
Dòng 1370: Slug đã tồn tại trong database
Dòng 1371: Slug đã tồn tại trong database
Dòng 1372: Slug đã tồn tại trong database
Dòng 1373: Slug đã tồn tại trong database
Dòng 1374: Slug đã tồn tại trong database
Dòng 1375: Slug đã tồn tại trong database
Dòng 1376: Slug đã tồn tại trong database
Dòng 1377: Slug đã tồn tại trong database
Dòng 1378: Slug đã tồn tại trong database
Dòng 1379: Slug đã tồn tại trong database
Dòng 1380: Slug đã tồn tại trong database
Dòng 1381: Slug đã tồn tại trong database
Dòng 1382: Slug đã tồn tại trong database
Dòng 1383: Slug đã tồn tại trong database
Dòng 1384: Slug đã tồn tại trong database
Dòng 1385: Slug đã tồn tại trong database
Dòng 1386: Slug đã tồn tại trong database
Dòng 1387: Slug đã tồn tại trong database
Dòng 1388: Slug đã tồn tại trong database
Dòng 1389: Slug đã tồn tại trong database
Dòng 1390: Slug đã tồn tại trong database
Dòng 1391: Slug đã tồn tại trong database
Dòng 1392: Slug đã tồn tại trong database
Dòng 1393: Slug đã tồn tại trong database
Dòng 1394: Slug đã tồn tại trong database
Dòng 1395: Slug đã tồn tại trong database
Dòng 1396: Slug đã tồn tại trong database
Dòng 1397: Slug đã tồn tại trong database
Dòng 1398: Slug đã tồn tại trong database
Dòng 1399: Slug đã tồn tại trong database
Dòng 1400: Slug đã tồn tại trong database
Dòng 1401: Slug đã tồn tại trong database
Dòng 1402: Slug đã tồn tại trong database
Dòng 1403: Slug đã tồn tại trong database
Dòng 1404: Slug đã tồn tại trong database
Dòng 1405: Slug đã tồn tại trong database
Dòng 1406: Slug đã tồn tại trong database
Dòng 1407: Slug đã tồn tại trong database
Dòng 1408: Slug đã tồn tại trong database
Dòng 1409: Slug đã tồn tại trong database
Dòng 1410: Slug đã tồn tại trong database
Dòng 1411: Slug đã tồn tại trong database
Dòng 1412: Slug đã tồn tại trong database
Dòng 1413: Slug đã tồn tại trong database
Dòng 1414: Slug đã tồn tại trong database
Dòng 1415: Slug đã tồn tại trong database
Dòng 1416: Slug đã tồn tại trong database
Dòng 1417: Slug đã tồn tại trong database
Dòng 1418: Slug đã tồn tại trong database
Dòng 1419: Slug đã tồn tại trong database
Dòng 1420: Slug đã tồn tại trong database
Dòng 1421: Slug đã tồn tại trong database
Dòng 1422: Slug đã tồn tại trong database
Dòng 1423: Slug đã tồn tại trong database
Dòng 1424: Slug đã tồn tại trong database
Dòng 1425: Slug đã tồn tại trong database
Dòng 1426: Slug đã tồn tại trong database
Dòng 1427: Slug đã tồn tại trong database
Dòng 1428: Slug đã tồn tại trong database
Dòng 1429: Slug đã tồn tại trong database
Dòng 1430: Slug đã tồn tại trong database
Dòng 1431: Slug đã tồn tại trong database
Dòng 1432: Slug đã tồn tại trong database
Dòng 1433: Slug đã tồn tại trong database
Dòng 1434: Slug đã tồn tại trong database
Dòng 1435: Slug đã tồn tại trong database
Dòng 1436: Slug đã tồn tại trong database
Dòng 1437: Slug đã tồn tại trong database
Dòng 1438: Slug đã tồn tại trong database
Dòng 1439: Slug đã tồn tại trong database
Dòng 1440: Slug đã tồn tại trong database
Dòng 1441: Slug đã tồn tại trong database
Dòng 1442: Slug đã tồn tại trong database
Dòng 1443: Slug đã tồn tại trong database
Dòng 1444: Slug đã tồn tại trong database
Dòng 1445: Slug đã tồn tại trong database
Dòng 1446: Slug đã tồn tại trong database
Dòng 1447: Slug đã tồn tại trong database
Dòng 1448: Slug đã tồn tại trong database
Dòng 1449: Slug đã tồn tại trong database
Dòng 1450: Slug đã tồn tại trong database
Dòng 1451: Slug đã tồn tại trong database
Dòng 1452: Slug đã tồn tại trong database
Dòng 1453: Slug đã tồn tại trong database
Dòng 1454: Slug đã tồn tại trong database
Dòng 1455: Slug đã tồn tại trong database
Dòng 1456: Slug đã tồn tại trong database
Dòng 1457: Slug đã tồn tại trong database
Dòng 1458: Slug đã tồn tại trong database
Dòng 1459: Slug đã tồn tại trong database
Dòng 1460: Slug đã tồn tại trong database
Dòng 1461: Slug đã tồn tại trong database
Dòng 1462: Slug đã tồn tại trong database
Dòng 1463: Slug đã tồn tại trong database
Dòng 1464: Slug đã tồn tại trong database
Dòng 1465: Slug đã tồn tại trong database
Dòng 1466: Slug đã tồn tại trong database
Dòng 1467: Slug đã tồn tại trong database
Dòng 1468: Slug đã tồn tại trong database
Dòng 1469: Slug đã tồn tại trong database
Dòng 1470: Slug đã tồn tại trong database
Dòng 1471: Slug đã tồn tại trong database
Dòng 1472: Slug đã tồn tại trong database
Dòng 1473: Slug đã tồn tại trong database
Dòng 1474: Slug đã tồn tại trong database
Dòng 1475: Slug đã tồn tại trong database
Dòng 1476: Slug đã tồn tại trong database
Dòng 1477: Slug đã tồn tại trong database
Dòng 1478: Slug đã tồn tại trong database
Dòng 1479: Slug đã tồn tại trong database
Dòng 1480: Slug đã tồn tại trong database
Dòng 1481: Slug đã tồn tại trong database
Dòng 1482: Slug đã tồn tại trong database
Dòng 1483: Slug đã tồn tại trong database
Dòng 1484: Slug đã tồn tại trong database
Dòng 1485: Slug đã tồn tại trong database
Dòng 1486: Slug đã tồn tại trong database
Dòng 1487: Slug đã tồn tại trong database
Dòng 1488: Slug đã tồn tại trong database
Dòng 1489: Slug đã tồn tại trong database
Dòng 1490: Slug đã tồn tại trong database
Dòng 1491: Slug đã tồn tại trong database
Dòng 1492: Slug đã tồn tại trong database
Dòng 1493: Slug đã tồn tại trong database
Dòng 1494: Slug đã tồn tại trong database
Dòng 1495: Slug đã tồn tại trong database
Dòng 1496: Slug đã tồn tại trong database
Dòng 1497: Slug đã tồn tại trong database
Dòng 1498: Slug đã tồn tại trong database
Dòng 1499: Slug đã tồn tại trong database
Dòng 1500: Slug đã tồn tại trong database
Dòng 1501: Slug đã tồn tại trong database
Dòng 1502: Slug đã tồn tại trong database
Dòng 1503: Slug đã tồn tại trong database
Dòng 1504: Slug đã tồn tại trong database
Dòng 1505: Slug đã tồn tại trong database
Dòng 1506: Slug đã tồn tại trong database
Dòng 1507: Slug đã tồn tại trong database
Dòng 1508: Slug đã tồn tại trong database
Dòng 1509: Slug đã tồn tại trong database
Dòng 1510: Slug đã tồn tại trong database
Dòng 1511: Slug đã tồn tại trong database
Dòng 1512: Slug đã tồn tại trong database
Dòng 1513: Slug đã tồn tại trong database
Dòng 1514: Slug đã tồn tại trong database
Dòng 1515: Slug đã tồn tại trong database
Dòng 1516: Slug đã tồn tại trong database
Dòng 1517: Slug đã tồn tại trong database
Dòng 1518: Slug đã tồn tại trong database
Dòng 1519: Slug đã tồn tại trong database
Dòng 1520: Slug đã tồn tại trong database
Dòng 1521: Slug đã tồn tại trong database
Dòng 1522: Slug đã tồn tại trong database
Dòng 1523: Slug đã tồn tại trong database
Dòng 1524: Slug đã tồn tại trong database
Dòng 1525: Slug đã tồn tại trong database
Dòng 1526: Slug đã tồn tại trong database
Dòng 1527: Slug đã tồn tại trong database
Dòng 1528: Slug đã tồn tại trong database
Dòng 1529: Slug đã tồn tại trong database
Dòng 1530: Slug đã tồn tại trong database
Dòng 1531: Slug đã tồn tại trong database
Dòng 1532: Slug đã tồn tại trong database
Dòng 1533: Slug đã tồn tại trong database
Dòng 1534: Slug đã tồn tại trong database
Dòng 1535: Slug đã tồn tại trong database
Dòng 1536: Slug đã tồn tại trong database
Dòng 1537: Slug đã tồn tại trong database
Dòng 1538: Slug đã tồn tại trong database
Dòng 1539: Slug đã tồn tại trong database
Dòng 1540: Slug đã tồn tại trong database
Dòng 1541: Slug đã tồn tại trong database
Dòng 1542: Slug đã tồn tại trong database
Dòng 1543: Slug đã tồn tại trong database
Dòng 1544: Slug đã tồn tại trong database
Dòng 1545: Slug đã tồn tại trong database
Dòng 1546: Slug đã tồn tại trong database
Dòng 1547: Slug đã tồn tại trong database
Dòng 1548: Slug đã tồn tại trong database
Dòng 1549: Slug đã tồn tại trong database
Dòng 1550: Slug đã tồn tại trong database
Dòng 1551: Slug đã tồn tại trong database
Dòng 1552: Slug đã tồn tại trong database
Dòng 1553: Slug đã tồn tại trong database
Dòng 1554: Slug đã tồn tại trong database
Dòng 1555: Slug đã tồn tại trong database
Dòng 1556: Slug đã tồn tại trong database
Dòng 1557: Slug đã tồn tại trong database
Dòng 1558: Slug đã tồn tại trong database
Dòng 1559: Slug đã tồn tại trong database
Dòng 1560: Slug đã tồn tại trong database
Dòng 1561: Slug đã tồn tại trong database
Dòng 1562: Slug đã tồn tại trong database
Dòng 1563: Slug đã tồn tại trong database
Dòng 1564: Slug đã tồn tại trong database
Dòng 1565: Slug đã tồn tại trong database
Dòng 1566: Slug đã tồn tại trong database
Dòng 1567: Slug đã tồn tại trong database
Dòng 1568: Slug đã tồn tại trong database
Dòng 1569: Slug đã tồn tại trong database
Dòng 1570: Slug đã tồn tại trong database
Dòng 1571: Slug đã tồn tại trong database
Dòng 1572: Slug đã tồn tại trong database
Dòng 1573: Slug đã tồn tại trong database
Dòng 1574: Slug đã tồn tại trong database
Dòng 1575: Slug đã tồn tại trong database
Dòng 1576: Slug đã tồn tại trong database
Dòng 1577: Slug đã tồn tại trong database
Dòng 1578: Slug đã tồn tại trong database
Dòng 1579: Slug đã tồn tại trong database
Dòng 1580: Slug đã tồn tại trong database
Dòng 1581: Slug đã tồn tại trong database
Dòng 1582: Slug đã tồn tại trong database
Dòng 1583: Slug đã tồn tại trong database
Dòng 1584: Slug đã tồn tại trong database
Dòng 1585: Slug đã tồn tại trong database
Dòng 1586: Slug đã tồn tại trong database
Dòng 1587: Slug đã tồn tại trong database
Dòng 1588: Slug đã tồn tại trong database
Dòng 1589: Slug đã tồn tại trong database
Dòng 1590: Slug đã tồn tại trong database
Dòng 1591: Slug đã tồn tại trong database
Dòng 1592: Slug đã tồn tại trong database
Dòng 1593: Slug đã tồn tại trong database
Dòng 1594: Slug đã tồn tại trong database
Dòng 1595: Slug đã tồn tại trong database
Dòng 1596: Slug đã tồn tại trong database
Dòng 1597: Slug đã tồn tại trong database
Dòng 1598: Slug đã tồn tại trong database
Dòng 1599: Slug đã tồn tại trong database
Dòng 1600: Slug đã tồn tại trong database
Dòng 1601: Slug đã tồn tại trong database
Dòng 1602: Slug đã tồn tại trong database
Dòng 1603: Slug đã tồn tại trong database
Dòng 1604: Slug đã tồn tại trong database
Dòng 1605: Slug đã tồn tại trong database
Dòng 1606: Slug đã tồn tại trong database
Dòng 1607: Slug đã tồn tại trong database
Dòng 1608: Slug đã tồn tại trong database
Dòng 1609: Slug đã tồn tại trong database
Dòng 1610: Slug đã tồn tại trong database
Dòng 1611: Slug đã tồn tại trong database
Dòng 1612: Slug đã tồn tại trong database
Dòng 1613: Slug đã tồn tại trong database
Dòng 1614: Slug đã tồn tại trong database
Dòng 1615: Slug đã tồn tại trong database
Dòng 1616: Slug đã tồn tại trong database
Dòng 1617: Slug đã tồn tại trong database
Dòng 1618: Slug đã tồn tại trong database
Dòng 1619: Slug đã tồn tại trong database
Dòng 1620: Slug đã tồn tại trong database
Dòng 1621: Slug đã tồn tại trong database
Dòng 1622: Slug đã tồn tại trong database
Dòng 1623: Slug đã tồn tại trong database
Dòng 1624: Slug đã tồn tại trong database
Dòng 1625: Slug đã tồn tại trong database
Dòng 1626: Slug đã tồn tại trong database
Dòng 1627: Slug đã tồn tại trong database
Dòng 1628: Slug đã tồn tại trong database
Dòng 1629: Slug đã tồn tại trong database
Dòng 1630: Slug đã tồn tại trong database
Dòng 1631: Slug đã tồn tại trong database
Dòng 1632: Slug đã tồn tại trong database
Dòng 1633: Slug đã tồn tại trong database
Dòng 1634: Slug đã tồn tại trong database
Dòng 1635: Slug đã tồn tại trong database
Dòng 1636: Slug đã tồn tại trong database
Dòng 1637: Slug đã tồn tại trong database
Dòng 1638: Slug đã tồn tại trong database
Dòng 1639: Slug đã tồn tại trong database
Dòng 1640: Slug đã tồn tại trong database
Dòng 1641: Slug đã tồn tại trong database
Dòng 1642: Slug đã tồn tại trong database
Dòng 1643: Slug đã tồn tại trong database
Dòng 1644: Slug đã tồn tại trong database
Dòng 1645: Slug đã tồn tại trong database
Dòng 1646: Slug đã tồn tại trong database
Dòng 1647: Slug đã tồn tại trong database
Dòng 1648: Slug đã tồn tại trong database
Dòng 1649: Slug đã tồn tại trong database
Dòng 1650: Slug đã tồn tại trong database
Dòng 1651: Slug đã tồn tại trong database
Dòng 1652: Slug đã tồn tại trong database
Dòng 1653: Slug đã tồn tại trong database
Dòng 1654: Slug đã tồn tại trong database
Dòng 1655: Slug đã tồn tại trong database
Dòng 1656: Slug đã tồn tại trong database
Dòng 1657: Slug đã tồn tại trong database
Dòng 1658: Slug đã tồn tại trong database
Dòng 1659: Slug đã tồn tại trong database
Dòng 1660: Slug đã tồn tại trong database
Dòng 1661: Slug đã tồn tại trong database
Dòng 1662: Slug đã tồn tại trong database
Dòng 1663: Slug đã tồn tại trong database
Dòng 1664: Slug đã tồn tại trong database
Dòng 1665: Slug đã tồn tại trong database
Dòng 1666: Slug đã tồn tại trong database
Dòng 1667: Slug đã tồn tại trong database
Dòng 1668: Slug đã tồn tại trong database
Dòng 1669: Slug đã tồn tại trong database
Dòng 1670: Slug đã tồn tại trong database
Dòng 1671: Slug đã tồn tại trong database
Dòng 1672: Slug đã tồn tại trong database
Dòng 1673: Slug đã tồn tại trong database
Dòng 1674: Slug đã tồn tại trong database
Dòng 1675: Slug đã tồn tại trong database
Dòng 1676: Slug đã tồn tại trong database
Dòng 1677: Slug đã tồn tại trong database
Dòng 1678: Slug đã tồn tại trong database
Dòng 1679: Slug đã tồn tại trong database
Dòng 1680: Slug đã tồn tại trong database
Dòng 1681: Slug đã tồn tại trong database
Dòng 1682: Slug đã tồn tại trong database
Dòng 1683: Slug đã tồn tại trong database
Dòng 1684: Slug đã tồn tại trong database
Dòng 1685: Slug đã tồn tại trong database
Dòng 1686: Slug đã tồn tại trong database
Dòng 1687: Slug đã tồn tại trong database
Dòng 1688: Slug đã tồn tại trong database
Dòng 1689: Slug đã tồn tại trong database
Dòng 1690: Slug đã tồn tại trong database
Dòng 1691: Slug đã tồn tại trong database
Dòng 1692: Slug đã tồn tại trong database
Dòng 1693: Slug đã tồn tại trong database
Dòng 1694: Slug đã tồn tại trong database
Dòng 1695: Slug đã tồn tại trong database
Dòng 1696: Slug đã tồn tại trong database
Dòng 1697: Slug đã tồn tại trong database
Dòng 1698: Slug đã tồn tại trong database
Dòng 1699: Slug đã tồn tại trong database
Dòng 1700: Slug đã tồn tại trong database
Dòng 1701: Slug đã tồn tại trong database
Dòng 1702: Slug đã tồn tại trong database
Dòng 1703: Slug đã tồn tại trong database
Dòng 1704: Slug đã tồn tại trong database
Dòng 1705: Slug đã tồn tại trong database
Dòng 1706: Slug đã tồn tại trong database
Dòng 1707: Slug đã tồn tại trong database
Dòng 1708: Slug đã tồn tại trong database
Dòng 1709: Slug đã tồn tại trong database
Dòng 1710: Slug đã tồn tại trong database
Dòng 1711: Slug đã tồn tại trong database
Dòng 1712: Slug đã tồn tại trong database
Dòng 1713: Slug đã tồn tại trong database
Dòng 1714: Slug đã tồn tại trong database
Dòng 1715: Slug đã tồn tại trong database
Dòng 1716: Slug đã tồn tại trong database
Dòng 1717: Slug đã tồn tại trong database
Dòng 1718: Slug đã tồn tại trong database
Dòng 1719: Slug đã tồn tại trong database
Dòng 1720: Slug đã tồn tại trong database
Dòng 1721: Slug đã tồn tại trong database
Dòng 1722: Slug đã tồn tại trong database
Dòng 1723: Slug đã tồn tại trong database
Dòng 1724: Slug đã tồn tại trong database
Dòng 1725: Slug đã tồn tại trong database
Dòng 1726: Slug đã tồn tại trong database
Dòng 1727: Slug đã tồn tại trong database
Dòng 1728: Slug đã tồn tại trong database
Dòng 1729: Slug đã tồn tại trong database
Dòng 1730: Slug đã tồn tại trong database
Dòng 1731: Slug đã tồn tại trong database
Dòng 1732: Slug đã tồn tại trong database
Dòng 1733: Slug đã tồn tại trong database
Dòng 1734: Slug đã tồn tại trong database
Dòng 1735: Slug đã tồn tại trong database
Dòng 1736: Slug đã tồn tại trong database
Dòng 1737: Slug đã tồn tại trong database
Dòng 1738: Slug đã tồn tại trong database
Dòng 1739: Slug đã tồn tại trong database
Dòng 1740: Slug đã tồn tại trong database
Dòng 1741: Slug đã tồn tại trong database
Dòng 1742: Slug đã tồn tại trong database
Dòng 1743: Slug đã tồn tại trong database
Dòng 1744: Slug đã tồn tại trong database
Dòng 1745: Slug đã tồn tại trong database
Dòng 1746: Slug đã tồn tại trong database
Dòng 1747: Slug đã tồn tại trong database
Dòng 1748: Slug đã tồn tại trong database
Dòng 1749: Slug đã tồn tại trong database
Dòng 1750: Slug đã tồn tại trong database
Dòng 1751: Slug đã tồn tại trong database
Dòng 1752: Slug đã tồn tại trong database
Dòng 1753: Slug đã tồn tại trong database
Dòng 1754: Slug đã tồn tại trong database
Dòng 1755: Slug đã tồn tại trong database
Dòng 1756: Slug đã tồn tại trong database
Dòng 1757: Slug đã tồn tại trong database
Dòng 1758: Slug đã tồn tại trong database
Dòng 1759: Slug đã tồn tại trong database
Dòng 1760: Slug đã tồn tại trong database
Dòng 1761: Slug đã tồn tại trong database
Dòng 1762: Slug đã tồn tại trong database
Dòng 1763: Slug đã tồn tại trong database
Dòng 1764: Slug đã tồn tại trong database
Dòng 1765: Slug đã tồn tại trong database
Dòng 1766: Slug đã tồn tại trong database
Dòng 1767: Slug đã tồn tại trong database
Dòng 1768: Slug đã tồn tại trong database
Dòng 1769: Slug đã tồn tại trong database
Dòng 1770: Slug đã tồn tại trong database
Dòng 1771: Slug đã tồn tại trong database
Dòng 1772: Slug đã tồn tại trong database
Dòng 1773: Slug đã tồn tại trong database
Dòng 1774: Slug đã tồn tại trong database
Dòng 1775: Slug đã tồn tại trong database
Dòng 1776: Slug đã tồn tại trong database
Dòng 1777: Slug đã tồn tại trong database
Dòng 1778: Slug đã tồn tại trong database
Dòng 1779: Slug đã tồn tại trong database
Dòng 1780: Slug đã tồn tại trong database
Dòng 1781: Slug đã tồn tại trong database
Dòng 1782: Slug đã tồn tại trong database
Dòng 1783: Slug đã tồn tại trong database
Dòng 1784: Slug đã tồn tại trong database
Dòng 1785: Slug đã tồn tại trong database
Dòng 1786: Slug đã tồn tại trong database
Dòng 1787: Slug đã tồn tại trong database
Dòng 1788: Slug đã tồn tại trong database
Dòng 1789: Slug đã tồn tại trong database
Dòng 1790: Slug đã tồn tại trong database
Dòng 1791: Slug đã tồn tại trong database
Dòng 1792: Slug đã tồn tại trong database
Dòng 1793: Slug đã tồn tại trong database
Dòng 1794: Slug đã tồn tại trong database
Dòng 1795: Slug đã tồn tại trong database
Dòng 1796: Slug đã tồn tại trong database
Dòng 1797: Slug đã tồn tại trong database
Dòng 1798: Slug đã tồn tại trong database
Dòng 1799: Slug đã tồn tại trong database
Dòng 1800: Slug đã tồn tại trong database
Dòng 1801: Slug đã tồn tại trong database
Dòng 1802: Slug đã tồn tại trong database
Dòng 1803: Slug đã tồn tại trong database
Dòng 1804: Slug đã tồn tại trong database
Dòng 1805: Slug đã tồn tại trong database
Dòng 1806: Slug đã tồn tại trong database
Dòng 1807: Slug đã tồn tại trong database
Dòng 1808: Slug đã tồn tại trong database
Dòng 1809: Slug đã tồn tại trong database
Dòng 1810: Slug đã tồn tại trong database
Dòng 1811: Slug đã tồn tại trong database
Dòng 1812: Slug đã tồn tại trong database
Dòng 1813: Slug đã tồn tại trong database
Dòng 1814: Slug đã tồn tại trong database
Dòng 1815: Slug đã tồn tại trong database
Dòng 1816: Slug đã tồn tại trong database
Dòng 1817: Slug đã tồn tại trong database
Dòng 1818: Slug đã tồn tại trong database
Dòng 1819: Slug đã tồn tại trong database
Dòng 1820: Slug đã tồn tại trong database
Dòng 1821: Slug đã tồn tại trong database
Dòng 1822: Slug đã tồn tại trong database
Dòng 1823: Slug đã tồn tại trong database
Dòng 1824: Slug đã tồn tại trong database
Dòng 1825: Slug đã tồn tại trong database
Dòng 1826: Slug đã tồn tại trong database
Dòng 1827: Slug đã tồn tại trong database
Dòng 1828: Slug đã tồn tại trong database
Dòng 1829: Slug đã tồn tại trong database
Dòng 1830: Slug đã tồn tại trong database
Dòng 1831: Slug đã tồn tại trong database
Dòng 1832: Slug đã tồn tại trong database
Dòng 1833: Slug đã tồn tại trong database
Dòng 1834: Slug đã tồn tại trong database
Dòng 1835: Slug đã tồn tại trong database
Dòng 1836: Slug đã tồn tại trong database
Dòng 1837: Slug đã tồn tại trong database
Dòng 1838: Slug đã tồn tại trong database
Dòng 1839: Slug đã tồn tại trong database
Dòng 1840: Slug đã tồn tại trong database
Dòng 1841: Slug đã tồn tại trong database
Dòng 1842: Slug đã tồn tại trong database
Dòng 1843: Slug đã tồn tại trong database
Dòng 1844: Slug đã tồn tại trong database
Dòng 1845: Slug đã tồn tại trong database
Dòng 1846: Slug đã tồn tại trong database
Dòng 1847: Slug đã tồn tại trong database
Dòng 1848: Slug đã tồn tại trong database
Dòng 1849: Slug đã tồn tại trong database
Dòng 1850: Slug đã tồn tại trong database
Dòng 1851: Slug đã tồn tại trong database
Dòng 1852: Slug đã tồn tại trong database
Dòng 1853: Slug đã tồn tại trong database
Dòng 1854: Slug đã tồn tại trong database
Dòng 1855: Slug đã tồn tại trong database
Dòng 1856: Slug đã tồn tại trong database
Dòng 1857: Slug đã tồn tại trong database
Dòng 1858: Slug đã tồn tại trong database
Dòng 1859: Slug đã tồn tại trong database
Dòng 1860: Slug đã tồn tại trong database
Dòng 1861: Slug đã tồn tại trong database
Dòng 1862: Slug đã tồn tại trong database
Dòng 1863: Slug đã tồn tại trong database
Dòng 1864: Slug đã tồn tại trong database
Dòng 1865: Slug đã tồn tại trong database
Dòng 1866: Slug đã tồn tại trong database
Dòng 1867: Slug đã tồn tại trong database
Dòng 1868: Slug đã tồn tại trong database
Dòng 1869: Slug đã tồn tại trong database
Dòng 1870: Slug đã tồn tại trong database
Dòng 1871: Slug đã tồn tại trong database
Dòng 1872: Slug đã tồn tại trong database
Dòng 1873: Slug đã tồn tại trong database
Dòng 1874: Slug đã tồn tại trong database
Dòng 1875: Slug đã tồn tại trong database
Dòng 1876: Slug đã tồn tại trong database
Dòng 1877: Slug đã tồn tại trong database
Dòng 1878: Slug đã tồn tại trong database
Dòng 1879: Slug đã tồn tại trong database
Dòng 1880: Slug đã tồn tại trong database
Dòng 1881: Slug đã tồn tại trong database
Dòng 1882: Slug đã tồn tại trong database
Dòng 1883: Slug đã tồn tại trong database
Dòng 1884: Slug đã tồn tại trong database
Dòng 1885: Slug đã tồn tại trong database
Dòng 1886: Slug đã tồn tại trong database
Dòng 1887: Slug đã tồn tại trong database
Dòng 1888: Slug đã tồn tại trong database
Dòng 1889: Slug đã tồn tại trong database
Dòng 1890: Slug đã tồn tại trong database
Dòng 1891: Slug đã tồn tại trong database
Dòng 1892: Slug đã tồn tại trong database
Dòng 1893: Slug đã tồn tại trong database
Dòng 1894: Slug đã tồn tại trong database
Dòng 1895: Slug đã tồn tại trong database
Dòng 1896: Slug đã tồn tại trong database
Dòng 1897: Slug đã tồn tại trong database
Dòng 1898: Slug đã tồn tại trong database
Dòng 1899: Slug đã tồn tại trong database
Dòng 1900: Slug đã tồn tại trong database
Dòng 1901: Slug đã tồn tại trong database
Dòng 1902: Slug đã tồn tại trong database
Dòng 1903: Slug đã tồn tại trong database
Dòng 1904: Slug đã tồn tại trong database
Dòng 1905: Slug đã tồn tại trong database
Dòng 1906: Slug đã tồn tại trong database
Dòng 1907: Slug đã tồn tại trong database
Dòng 1908: Slug đã tồn tại trong database
Dòng 1909: Slug đã tồn tại trong database
Dòng 1910: Slug đã tồn tại trong database
Dòng 1911: Slug đã tồn tại trong database
Dòng 1912: Slug đã tồn tại trong database
Dòng 1913: Slug đã tồn tại trong database
Dòng 1914: Slug đã tồn tại trong database
Dòng 1915: Slug đã tồn tại trong database
Dòng 1916: Slug đã tồn tại trong database
Dòng 1917: Slug đã tồn tại trong database
Dòng 1918: Slug đã tồn tại trong database
Dòng 1919: Slug đã tồn tại trong database
Dòng 1920: Slug đã tồn tại trong database
Dòng 1921: Slug đã tồn tại trong database
Dòng 1922: Slug đã tồn tại trong database
Dòng 1923: Slug đã tồn tại trong database
Dòng 1924: Slug đã tồn tại trong database
Dòng 1925: Slug đã tồn tại trong database
Dòng 1926: Slug đã tồn tại trong database
Dòng 1927: Slug đã tồn tại trong database
Dòng 1928: Slug đã tồn tại trong database
Dòng 1929: Slug đã tồn tại trong database
Dòng 1930: Slug đã tồn tại trong database
Dòng 1931: Slug đã tồn tại trong database
Dòng 1932: Slug đã tồn tại trong database
Dòng 1933: Slug đã tồn tại trong database
Dòng 1934: Slug đã tồn tại trong database
Dòng 1935: Slug đã tồn tại trong database
Dòng 1936: Slug đã tồn tại trong database
Dòng 1937: Slug đã tồn tại trong database
Dòng 1938: Slug đã tồn tại trong database
Dòng 1939: Slug đã tồn tại trong database
Dòng 1940: Slug đã tồn tại trong database
Dòng 1941: Slug đã tồn tại trong database
Dòng 1942: Slug đã tồn tại trong database
Dòng 1943: Slug đã tồn tại trong database
Dòng 1944: Slug đã tồn tại trong database
Dòng 1945: Slug đã tồn tại trong database
Dòng 1946: Slug đã tồn tại trong database
Dòng 1947: Slug đã tồn tại trong database
Dòng 1948: Slug đã tồn tại trong database
Dòng 1949: Slug đã tồn tại trong database
Dòng 1950: Slug đã tồn tại trong database
Dòng 1951: Slug đã tồn tại trong database
Dòng 1952: Slug đã tồn tại trong database
Dòng 1953: Slug đã tồn tại trong database
Dòng 1954: Slug đã tồn tại trong database
Dòng 1955: Slug đã tồn tại trong database
Dòng 1956: Slug đã tồn tại trong database
Dòng 1957: Slug đã tồn tại trong database
Dòng 1958: Slug đã tồn tại trong database
Dòng 1959: Slug đã tồn tại trong database
Dòng 1960: Slug đã tồn tại trong database
Dòng 1961: Slug đã tồn tại trong database
Dòng 1962: Slug đã tồn tại trong database
Dòng 1963: Slug đã tồn tại trong database
Dòng 1964: Slug đã tồn tại trong database
Dòng 1965: Slug đã tồn tại trong database
Dòng 1966: Slug đã tồn tại trong database
Dòng 1967: Slug đã tồn tại trong database
Dòng 1968: Slug đã tồn tại trong database
Dòng 1969: Slug đã tồn tại trong database
Dòng 1970: Slug đã tồn tại trong database
Dòng 1971: Slug đã tồn tại trong database
Dòng 1972: Slug đã tồn tại trong database
Dòng 1973: Slug đã tồn tại trong database
Dòng 1974: Slug đã tồn tại trong database
Dòng 1975: Slug đã tồn tại trong database
Dòng 1976: Slug đã tồn tại trong database
Dòng 1977: Slug đã tồn tại trong database
Dòng 1978: Slug đã tồn tại trong database
Dòng 1979: Slug đã tồn tại trong database
Dòng 1980: Slug đã tồn tại trong database
Dòng 1981: Slug đã tồn tại trong database
Dòng 1982: Slug đã tồn tại trong database
Dòng 1983: Slug đã tồn tại trong database
Dòng 1984: Slug đã tồn tại trong database
Dòng 1985: Slug đã tồn tại trong database
Dòng 1986: Slug đã tồn tại trong database
Dòng 1987: Slug đã tồn tại trong database
Dòng 1988: Slug đã tồn tại trong database
Dòng 1989: Slug đã tồn tại trong database
Dòng 1990: Slug đã tồn tại trong database
Dòng 1991: Slug đã tồn tại trong database
Dòng 1992: Slug đã tồn tại trong database
Dòng 1993: Slug đã tồn tại trong database
Dòng 1994: Slug đã tồn tại trong database
Dòng 1995: Slug đã tồn tại trong database
Dòng 1996: Slug đã tồn tại trong database
Dòng 1997: Slug đã tồn tại trong database
Dòng 1998: Slug đã tồn tại trong database
Dòng 1999: Slug đã tồn tại trong database
Dòng 2000: Slug đã tồn tại trong database
Dòng 2001: Slug đã tồn tại trong database
Dòng 2002: Slug đã tồn tại trong database
Dòng 2003: Slug đã tồn tại trong database
Dòng 2004: Slug đã tồn tại trong database
Dòng 2005: Slug đã tồn tại trong database
Dòng 2006: Slug đã tồn tại trong database
Dòng 2007: Slug đã tồn tại trong database
Dòng 2008: Slug đã tồn tại trong database
Dòng 2009: Slug đã tồn tại trong database
Dòng 2010: Slug đã tồn tại trong database
Dòng 2011: Slug đã tồn tại trong database
Dòng 2012: Slug đã tồn tại trong database
Dòng 2013: Slug đã tồn tại trong database
Dòng 2014: Slug đã tồn tại trong database
Dòng 2015: Slug đã tồn tại trong database
Dòng 2016: Slug đã tồn tại trong database
Dòng 2017: Slug đã tồn tại trong database
Dòng 2018: Slug đã tồn tại trong database
Dòng 2019: Slug đã tồn tại trong database
Dòng 2020: Slug đã tồn tại trong database
Dòng 2021: Slug đã tồn tại trong database
Dòng 2022: Slug đã tồn tại trong database
Dòng 2023: Slug đã tồn tại trong database
Dòng 2024: Slug đã tồn tại trong database
Dòng 2025: Slug đã tồn tại trong database
Dòng 2026: Slug đã tồn tại trong database
Dòng 2027: Slug đã tồn tại trong database
Dòng 2028: Slug đã tồn tại trong database
Dòng 2029: Slug đã tồn tại trong database
Dòng 2030: Slug đã tồn tại trong database
Dòng 2031: Slug đã tồn tại trong database
Dòng 2032: Slug đã tồn tại trong database
Dòng 2033: Slug đã tồn tại trong database
Dòng 2034: Slug đã tồn tại trong database
Dòng 2035: Slug đã tồn tại trong database
Dòng 2036: Slug đã tồn tại trong database
Dòng 2037: Slug đã tồn tại trong database
Dòng 2038: Slug đã tồn tại trong database
Dòng 2039: Slug đã tồn tại trong database
Dòng 2040: Slug đã tồn tại trong database
Dòng 2041: Slug đã tồn tại trong database
Dòng 2042: Slug đã tồn tại trong database
Dòng 2043: Slug đã tồn tại trong database
Dòng 2044: Slug đã tồn tại trong database
Dòng 2045: Slug đã tồn tại trong database
Dòng 2046: Slug đã tồn tại trong database
Dòng 2047: Slug đã tồn tại trong database
Dòng 2048: Slug đã tồn tại trong database
Dòng 2049: Slug đã tồn tại trong database
Dòng 2050: Slug đã tồn tại trong database
Dòng 2051: Slug đã tồn tại trong database
Dòng 2052: Slug đã tồn tại trong database
Dòng 2053: Slug đã tồn tại trong database
Dòng 2054: Slug đã tồn tại trong database
Dòng 2055: Slug đã tồn tại trong database
Dòng 2056: Slug đã tồn tại trong database
Dòng 2057: Slug đã tồn tại trong database
Dòng 2058: Slug đã tồn tại trong database
Dòng 2059: Slug đã tồn tại trong database
Dòng 2060: Slug đã tồn tại trong database
Dòng 2061: Slug đã tồn tại trong database
Dòng 2062: Slug đã tồn tại trong database
Dòng 2063: Slug đã tồn tại trong database
Dòng 2064: Slug đã tồn tại trong database
Dòng 2065: Slug đã tồn tại trong database
Dòng 2066: Slug đã tồn tại trong database
Dòng 2067: Slug đã tồn tại trong database
Dòng 2068: Slug đã tồn tại trong database
Dòng 2069: Slug đã tồn tại trong database
Dòng 2070: Slug đã tồn tại trong database
Dòng 2071: Slug đã tồn tại trong database
Dòng 2072: Slug đã tồn tại trong database
Dòng 2073: Slug đã tồn tại trong database
Dòng 2074: Slug đã tồn tại trong database
Dòng 2075: Slug đã tồn tại trong database
Dòng 2076: Slug đã tồn tại trong database
Dòng 2077: Slug đã tồn tại trong database
Dòng 2078: Slug đã tồn tại trong database
Dòng 2079: Slug đã tồn tại trong database
Dòng 2080: Slug đã tồn tại trong database
Dòng 2081: Slug đã tồn tại trong database
Dòng 2082: Slug đã tồn tại trong database
Dòng 2083: Slug đã tồn tại trong database
Dòng 2084: Slug đã tồn tại trong database
Dòng 2085: Slug đã tồn tại trong database
Dòng 2086: Slug đã tồn tại trong database
Dòng 2087: Slug đã tồn tại trong database
Dòng 2088: Slug đã tồn tại trong database
Dòng 2089: Slug đã tồn tại trong database
Dòng 2090: Slug đã tồn tại trong database
Dòng 2091: Slug đã tồn tại trong database
Dòng 2092: Slug đã tồn tại trong database
Dòng 2093: Slug đã tồn tại trong database
Dòng 2094: Slug đã tồn tại trong database
Dòng 2095: Slug đã tồn tại trong database
Dòng 2096: Slug đã tồn tại trong database
Dòng 2097: Slug đã tồn tại trong database
Dòng 2098: Slug đã tồn tại trong database
Dòng 2099: Slug đã tồn tại trong database
Dòng 2100: Slug đã tồn tại trong database
Dòng 2101: Slug đã tồn tại trong database
Dòng 2102: Slug đã tồn tại trong database
Dòng 2103: Slug đã tồn tại trong database
Dòng 2104: Slug đã tồn tại trong database
Dòng 2105: Slug đã tồn tại trong database
Dòng 2106: Slug đã tồn tại trong database
Dòng 2107: Slug đã tồn tại trong database
Dòng 2108: Slug đã tồn tại trong database
Dòng 2109: Slug đã tồn tại trong database
Dòng 2110: Slug đã tồn tại trong database
Dòng 2111: Slug đã tồn tại trong database
Dòng 2112: Slug đã tồn tại trong database
Dòng 2113: Slug đã tồn tại trong database
Dòng 2114: Slug đã tồn tại trong database
Dòng 2115: Slug đã tồn tại trong database
Dòng 2116: Slug đã tồn tại trong database
Dòng 2117: Slug đã tồn tại trong database
Dòng 2118: Slug đã tồn tại trong database
Dòng 2119: Slug đã tồn tại trong database
Dòng 2120: Slug đã tồn tại trong database
Dòng 2121: Slug đã tồn tại trong database
Dòng 2122: Slug đã tồn tại trong database
Dòng 2123: Slug đã tồn tại trong database
Dòng 2124: Slug đã tồn tại trong database
Dòng 2125: Slug đã tồn tại trong database
Dòng 2126: Slug đã tồn tại trong database
Dòng 2127: Slug đã tồn tại trong database
Dòng 2128: Slug đã tồn tại trong database
Dòng 2129: Slug đã tồn tại trong database
Dòng 2130: Slug đã tồn tại trong database
Dòng 2131: Slug đã tồn tại trong database
Dòng 2132: Slug đã tồn tại trong database
Dòng 2133: Slug đã tồn tại trong database
Dòng 2134: Slug đã tồn tại trong database
Dòng 2135: Slug đã tồn tại trong database
Dòng 2136: Slug đã tồn tại trong database
Dòng 2137: Slug đã tồn tại trong database
Dòng 2138: Slug đã tồn tại trong database
Dòng 2139: Slug đã tồn tại trong database
Dòng 2140: Slug đã tồn tại trong database
Dòng 2141: Slug đã tồn tại trong database
Dòng 2142: Slug đã tồn tại trong database
Dòng 2143: Slug đã tồn tại trong database
Dòng 2144: Slug đã tồn tại trong database
Dòng 2145: Slug đã tồn tại trong database
Dòng 2146: Slug đã tồn tại trong database
Dòng 2147: Slug đã tồn tại trong database
Dòng 2148: Slug đã tồn tại trong database
Dòng 2149: Slug đã tồn tại trong database
Dòng 2150: Slug đã tồn tại trong database
Dòng 2151: Slug đã tồn tại trong database
Dòng 2152: Slug đã tồn tại trong database
Dòng 2153: Slug đã tồn tại trong database
Dòng 2154: Slug đã tồn tại trong database
Dòng 2155: Slug đã tồn tại trong database
Dòng 2156: Slug đã tồn tại trong database
Dòng 2157: Slug đã tồn tại trong database
Dòng 2158: Slug đã tồn tại trong database
Dòng 2159: Slug đã tồn tại trong database
Dòng 2160: Slug đã tồn tại trong database
Dòng 2161: Slug đã tồn tại trong database
Dòng 2162: Slug đã tồn tại trong database
Dòng 2163: Slug đã tồn tại trong database
Dòng 2164: Slug đã tồn tại trong database
Dòng 2165: Slug đã tồn tại trong database
Dòng 2166: Slug đã tồn tại trong database
Dòng 2167: Slug đã tồn tại trong database
Dòng 2168: Slug đã tồn tại trong database
Dòng 2169: Slug đã tồn tại trong database
Dòng 2170: Slug đã tồn tại trong database
Dòng 2171: Slug đã tồn tại trong database
Dòng 2172: Slug đã tồn tại trong database
Dòng 2173: Slug đã tồn tại trong database
Dòng 2174: Slug đã tồn tại trong database
Dòng 2175: Slug đã tồn tại trong database
Dòng 2176: Slug đã tồn tại trong database
Dòng 2177: Slug đã tồn tại trong database
Dòng 2178: Slug đã tồn tại trong database
Dòng 2179: Slug đã tồn tại trong database
Dòng 2180: Slug đã tồn tại trong database
Dòng 2181: Slug đã tồn tại trong database
Dòng 2182: Slug đã tồn tại trong database
Dòng 2183: Slug đã tồn tại trong database
Dòng 2184: Slug đã tồn tại trong database
Dòng 2185: Slug đã tồn tại trong database
Dòng 2186: Slug đã tồn tại trong database
Dòng 2187: Slug đã tồn tại trong database
Dòng 2188: Slug đã tồn tại trong database
Dòng 2189: Slug đã tồn tại trong database
Dòng 2190: Slug đã tồn tại trong database
Dòng 2191: Slug đã tồn tại trong database
Dòng 2192: Slug đã tồn tại trong database
Dòng 2193: Slug đã tồn tại trong database
Dòng 2194: Slug đã tồn tại trong database
Dòng 2195: Slug đã tồn tại trong database
Dòng 2196: Slug đã tồn tại trong database
Dòng 2197: Slug đã tồn tại trong database
Dòng 2198: Slug đã tồn tại trong database
Dòng 2199: Slug đã tồn tại trong database
Dòng 2200: Slug đã tồn tại trong database
Dòng 2201: Slug đã tồn tại trong database
Dòng 2202: Slug đã tồn tại trong database
Dòng 2203: Slug đã tồn tại trong database
Dòng 2204: Slug đã tồn tại trong database
Dòng 2205: Slug đã tồn tại trong database
Dòng 2206: Slug đã tồn tại trong database
Dòng 2207: Slug đã tồn tại trong database
Dòng 2208: Slug đã tồn tại trong database
Dòng 2209: Slug đã tồn tại trong database
Dòng 2210: Slug đã tồn tại trong database
Dòng 2211: Slug đã tồn tại trong database
Dòng 2212: Slug đã tồn tại trong database
Dòng 2213: Slug đã tồn tại trong database
Dòng 2214: Slug đã tồn tại trong database
Dòng 2215: Slug đã tồn tại trong database
Dòng 2216: Slug đã tồn tại trong database
Dòng 2217: Slug đã tồn tại trong database
Dòng 2218: Slug đã tồn tại trong database
Dòng 2219: Slug đã tồn tại trong database
Dòng 2220: Slug đã tồn tại trong database
Dòng 2221: Slug đã tồn tại trong database
Dòng 2222: Slug đã tồn tại trong database
Dòng 2223: Slug đã tồn tại trong database
Dòng 2224: Slug đã tồn tại trong database
Dòng 2225: Slug đã tồn tại trong database
Dòng 2226: Slug đã tồn tại trong database
Dòng 2227: Slug đã tồn tại trong database
Dòng 2228: Slug đã tồn tại trong database
Dòng 2229: Slug đã tồn tại trong database
Dòng 2230: Slug đã tồn tại trong database
Dòng 2231: Slug đã tồn tại trong database
Dòng 2232: Slug đã tồn tại trong database
Dòng 2233: Slug đã tồn tại trong database
Dòng 2234: Slug đã tồn tại trong database
Dòng 2235: Slug đã tồn tại trong database
Dòng 2236: Slug đã tồn tại trong database
Dòng 2237: Slug đã tồn tại trong database
Dòng 2238: Slug đã tồn tại trong database
Dòng 2239: Slug đã tồn tại trong database
Dòng 2240: Slug đã tồn tại trong database
Dòng 2241: Slug đã tồn tại trong database
Dòng 2242: Slug đã tồn tại trong database
Dòng 2243: Slug đã tồn tại trong database
Dòng 2244: Slug đã tồn tại trong database
Dòng 2245: Slug đã tồn tại trong database
Dòng 2246: Slug đã tồn tại trong database
Dòng 2247: Slug đã tồn tại trong database
Dòng 2248: Slug đã tồn tại trong database
Dòng 2249: Slug đã tồn tại trong database
Dòng 2250: Slug đã tồn tại trong database
Dòng 2251: Slug đã tồn tại trong database
Dòng 2252: Slug đã tồn tại trong database
Dòng 2253: Slug đã tồn tại trong database
Dòng 2254: Slug đã tồn tại trong database
Dòng 2255: Slug đã tồn tại trong database
Dòng 2256: Slug đã tồn tại trong database
Dòng 2257: Slug đã tồn tại trong database
Dòng 2258: Slug đã tồn tại trong database
Dòng 2259: Slug đã tồn tại trong database
Dòng 2260: Slug đã tồn tại trong database
Dòng 2261: Slug đã tồn tại trong database
Dòng 2262: Slug đã tồn tại trong database
Dòng 2263: Slug đã tồn tại trong database
Dòng 2264: Slug đã tồn tại trong database
Dòng 2265: Slug đã tồn tại trong database
Dòng 2266: Slug đã tồn tại trong database
Dòng 2267: Slug đã tồn tại trong database
Dòng 2268: Slug đã tồn tại trong database
Dòng 2269: Slug đã tồn tại trong database
Dòng 2270: Slug đã tồn tại trong database
Dòng 2271: Slug đã tồn tại trong database
Dòng 2272: Slug đã tồn tại trong database
Dòng 2273: Slug đã tồn tại trong database
Dòng 2274: Slug đã tồn tại trong database
Dòng 2275: Slug đã tồn tại trong database
Dòng 2276: Slug đã tồn tại trong database
Dòng 2277: Slug đã tồn tại trong database
Dòng 2278: Slug đã tồn tại trong database
Dòng 2279: Slug đã tồn tại trong database
Dòng 2280: Slug đã tồn tại trong database
Dòng 2281: Slug đã tồn tại trong database
Dòng 2282: Slug đã tồn tại trong database
Dòng 2283: Slug đã tồn tại trong database
Dòng 2284: Slug đã tồn tại trong database
Dòng 2285: Slug đã tồn tại trong database
Dòng 2286: Slug đã tồn tại trong database
Dòng 2287: Slug đã tồn tại trong database
Dòng 2288: Slug đã tồn tại trong database
Dòng 2289: Slug đã tồn tại trong database
Dòng 2290: Slug đã tồn tại trong database
Dòng 2291: Slug đã tồn tại trong database
Dòng 2292: Slug đã tồn tại trong database
Dòng 2293: Slug đã tồn tại trong database
Dòng 2294: Slug đã tồn tại trong database
Dòng 2295: Slug đã tồn tại trong database
Dòng 2296: Slug đã tồn tại trong database
Dòng 2297: Slug đã tồn tại trong database
Dòng 2298: Slug đã tồn tại trong database
Dòng 2299: Slug đã tồn tại trong database
Dòng 2300: Slug đã tồn tại trong database
Dòng 2301: Slug đã tồn tại trong database
Dòng 2302: Slug đã tồn tại trong database
Dòng 2303: Slug đã tồn tại trong database
Dòng 2304: Slug đã tồn tại trong database
Dòng 2305: Slug đã tồn tại trong database
Dòng 2306: Slug đã tồn tại trong database
Dòng 2307: Slug đã tồn tại trong database
Dòng 2308: Slug đã tồn tại trong database
Dòng 2309: Slug đã tồn tại trong database
Dòng 2310: Slug đã tồn tại trong database
Dòng 2311: Slug đã tồn tại trong database
Dòng 2312: Slug đã tồn tại trong database
Dòng 2313: Slug đã tồn tại trong database
Dòng 2314: Slug đã tồn tại trong database
Dòng 2315: Slug đã tồn tại trong database
Dòng 2316: Slug đã tồn tại trong database
Dòng 2317: Slug đã tồn tại trong database
Dòng 2318: Slug đã tồn tại trong database
Dòng 2319: Slug đã tồn tại trong database
Dòng 2320: Slug đã tồn tại trong database
Dòng 2321: Slug đã tồn tại trong database
Dòng 2322: Slug đã tồn tại trong database
Dòng 2323: Slug đã tồn tại trong database
Dòng 2324: Slug đã tồn tại trong database
Dòng 2325: Slug đã tồn tại trong database
Dòng 2326: Slug đã tồn tại trong database
Dòng 2327: Slug đã tồn tại trong database
Dòng 2328: Slug đã tồn tại trong database
Dòng 2329: Slug đã tồn tại trong database
Dòng 2330: Slug đã tồn tại trong database
Dòng 2331: Slug đã tồn tại trong database
Dòng 2332: Slug đã tồn tại trong database
Dòng 2333: Slug đã tồn tại trong database
Dòng 2334: Slug đã tồn tại trong database
Dòng 2335: Slug đã tồn tại trong database
Dòng 2336: Slug đã tồn tại trong database
Dòng 2337: Slug đã tồn tại trong database
Dòng 2338: Slug đã tồn tại trong database
Dòng 2339: Slug đã tồn tại trong database
Dòng 2340: Slug đã tồn tại trong database
Dòng 2341: Slug đã tồn tại trong database
Dòng 2342: Slug đã tồn tại trong database
Dòng 2343: Slug đã tồn tại trong database
Dòng 2344: Slug đã tồn tại trong database
Dòng 2345: Slug đã tồn tại trong database
Dòng 2346: Slug đã tồn tại trong database
Dòng 2347: Slug đã tồn tại trong database
Dòng 2348: Slug đã tồn tại trong database
Dòng 2349: Slug đã tồn tại trong database
Dòng 2350: Slug đã tồn tại trong database
Dòng 2351: Slug đã tồn tại trong database
Dòng 2352: Slug đã tồn tại trong database
Dòng 2353: Slug đã tồn tại trong database
Dòng 2354: Slug đã tồn tại trong database
Dòng 2355: Slug đã tồn tại trong database
Dòng 2356: Slug đã tồn tại trong database
Dòng 2357: Slug đã tồn tại trong database
Dòng 2358: Slug đã tồn tại trong database
Dòng 2359: Slug đã tồn tại trong database
Dòng 2360: Slug đã tồn tại trong database
Dòng 2361: Slug đã tồn tại trong database
Dòng 2362: Slug đã tồn tại trong database
Dòng 2363: Slug đã tồn tại trong database
Dòng 2364: Slug đã tồn tại trong database
Dòng 2365: Slug đã tồn tại trong database
Dòng 2366: Slug đã tồn tại trong database
Dòng 2367: Slug đã tồn tại trong database
Dòng 2368: Slug đã tồn tại trong database
Dòng 2369: Slug đã tồn tại trong database
Dòng 2370: Slug đã tồn tại trong database
Dòng 2371: Slug đã tồn tại trong database
Dòng 2372: Slug đã tồn tại trong database
Dòng 2373: Slug đã tồn tại trong database
Dòng 2374: Slug đã tồn tại trong database
Dòng 2375: Slug đã tồn tại trong database
Dòng 2376: Slug đã tồn tại trong database
Dòng 2377: Slug đã tồn tại trong database
Dòng 2378: Slug đã tồn tại trong database
Dòng 2379: Slug đã tồn tại trong database
Dòng 2380: Slug đã tồn tại trong database
Dòng 2381: Slug đã tồn tại trong database
Dòng 2382: Slug đã tồn tại trong database
Dòng 2383: Slug đã tồn tại trong database
Dòng 2384: Slug đã tồn tại trong database
Dòng 2385: Slug đã tồn tại trong database
Dòng 2386: Slug đã tồn tại trong database
Dòng 2387: Slug đã tồn tại trong database
Dòng 2388: Slug đã tồn tại trong database
Dòng 2389: Slug đã tồn tại trong database
Dòng 2390: Slug đã tồn tại trong database
Dòng 2391: Slug đã tồn tại trong database
Dòng 2392: Slug đã tồn tại trong database
Dòng 2393: Slug đã tồn tại trong database
Dòng 2394: Slug đã tồn tại trong database
Dòng 2395: Slug đã tồn tại trong database
Dòng 2396: Slug đã tồn tại trong database
Dòng 2397: Slug đã tồn tại trong database
Dòng 2398: Slug đã tồn tại trong database
Dòng 2399: Slug đã tồn tại trong database
Dòng 2400: Slug đã tồn tại trong database
Dòng 2401: Slug đã tồn tại trong database
Dòng 2402: Slug đã tồn tại trong database
Dòng 2403: Slug đã tồn tại trong database
Dòng 2404: Slug đã tồn tại trong database
Dòng 2405: Slug đã tồn tại trong database
Dòng 2406: Slug đã tồn tại trong database
Dòng 2407: Slug đã tồn tại trong database
Dòng 2408: Slug đã tồn tại trong database
Dòng 2409: Slug đã tồn tại trong database
Dòng 2410: Slug đã tồn tại trong database
Dòng 2411: Slug đã tồn tại trong database
Dòng 2412: Slug đã tồn tại trong database
Dòng 2413: Slug đã tồn tại trong database
Dòng 2414: Slug đã tồn tại trong database
Dòng 2415: Slug đã tồn tại trong database
Dòng 2416: Slug đã tồn tại trong database
Dòng 2417: Slug đã tồn tại trong database
Dòng 2418: Slug đã tồn tại trong database
Dòng 2419: Slug đã tồn tại trong database
Dòng 2420: Slug đã tồn tại trong database
Dòng 2421: Slug đã tồn tại trong database
Dòng 2422: Slug đã tồn tại trong database
Dòng 2423: Slug đã tồn tại trong database
Dòng 2424: Slug đã tồn tại trong database
Dòng 2425: Slug đã tồn tại trong database
Dòng 2426: Slug đã tồn tại trong database
Dòng 2427: Slug đã tồn tại trong database
Dòng 2428: Slug đã tồn tại trong database
Dòng 2429: Slug đã tồn tại trong database
Dòng 2430: Slug đã tồn tại trong database
Dòng 2431: Slug đã tồn tại trong database
Dòng 2432: Slug đã tồn tại trong database
Dòng 2433: Slug đã tồn tại trong database
Dòng 2434: Slug đã tồn tại trong database
Dòng 2435: Slug đã tồn tại trong database
Dòng 2436: Slug đã tồn tại trong database
Dòng 2437: Slug đã tồn tại trong database
Dòng 2438: Slug đã tồn tại trong database
Dòng 2439: Slug đã tồn tại trong database
Dòng 2440: Slug đã tồn tại trong database
Dòng 2441: Slug đã tồn tại trong database
Dòng 2442: Slug đã tồn tại trong database
Dòng 2443: Slug đã tồn tại trong database
Dòng 2444: Slug đã tồn tại trong database
Dòng 2445: Slug đã tồn tại trong database
Dòng 2446: Slug đã tồn tại trong database
Dòng 2447: Slug đã tồn tại trong database
Dòng 2448: Slug đã tồn tại trong database
Dòng 2449: Slug đã tồn tại trong database
Dòng 2450: Slug đã tồn tại trong database
Dòng 2451: Slug đã tồn tại trong database
Dòng 2452: Slug đã tồn tại trong database
Dòng 2453: Slug đã tồn tại trong database
Dòng 2454: Slug đã tồn tại trong database
Dòng 2455: Slug đã tồn tại trong database
Dòng 2456: Slug đã tồn tại trong database
Dòng 2457: Slug đã tồn tại trong database
Dòng 2458: Slug đã tồn tại trong database
Dòng 2459: Slug đã tồn tại trong database
Dòng 2460: Slug đã tồn tại trong database
Dòng 2461: Slug đã tồn tại trong database
Dòng 2462: Slug đã tồn tại trong database
Dòng 2463: Slug đã tồn tại trong database
Dòng 2464: Slug đã tồn tại trong database
Dòng 2465: Slug đã tồn tại trong database
Dòng 2466: Slug đã tồn tại trong database
Dòng 2467: Slug đã tồn tại trong database
Dòng 2468: Slug đã tồn tại trong database
Dòng 2469: Slug đã tồn tại trong database
Dòng 2470: Slug đã tồn tại trong database
Dòng 2471: Slug đã tồn tại trong database
Dòng 2472: Slug đã tồn tại trong database
Dòng 2473: Slug đã tồn tại trong database
Dòng 2474: Slug đã tồn tại trong database
Dòng 2475: Slug đã tồn tại trong database
Dòng 2476: Slug đã tồn tại trong database
Dòng 2477: Slug đã tồn tại trong database
Dòng 2478: Slug đã tồn tại trong database
Dòng 2479: Slug đã tồn tại trong database
Dòng 2480: Slug đã tồn tại trong database
Dòng 2481: Slug đã tồn tại trong database
Dòng 2482: Slug đã tồn tại trong database
Dòng 2483: Slug đã tồn tại trong database
Dòng 2484: Slug đã tồn tại trong database
Dòng 2485: Slug đã tồn tại trong database
Dòng 2486: Slug đã tồn tại trong database
Dòng 2487: Slug đã tồn tại trong database
Dòng 2488: Slug đã tồn tại trong database
Dòng 2489: Slug đã tồn tại trong database
Dòng 2490: Slug đã tồn tại trong database
Dòng 2491: Slug đã tồn tại trong database
Dòng 2492: Slug đã tồn tại trong database
Dòng 2493: Slug đã tồn tại trong database
Dòng 2494: Slug đã tồn tại trong database
Dòng 2495: Slug đã tồn tại trong database
Dòng 2496: Slug đã tồn tại trong database
Dòng 2497: Slug đã tồn tại trong database
Dòng 2498: Slug đã tồn tại trong database
Dòng 2499: Slug đã tồn tại trong database
